Vehicle Class,Vehicle Make,Vehicle Model,Fuel Type,Cylinder capacity of engine (c.c.),Body Type,Permitted Gross Vehicle Weight,Number of passenger seats,Year Of Manufacture,Month,Registration Year
Public Light Bus,TOYOTA,COASTER LPG LWB,LPG,4104,LIGHT BUS,5.29,19,2018,7,2018
Public Light Bus,TOYOTA,COASTER AUTO DIESEL LWB,Diesel,4009,LIGHT BUS,5.29,19,2018,7,2018
Public Light Bus,TOYOTA,COASTER LPG LWB,LPG,4104,LIGHT BUS,5.29,19,2018,7,2018
Public Light Bus,TOYOTA,COASTER LPG LWB,LPG,4104,LIGHT BUS,5.29,19,2018,7,2018
Public Light Bus,TOYOTA,COASTER LPG LWB,LPG,4104,LIGHT BUS,5.29,19,2018,7,2018
Public Light Bus,TOYOTA,COASTER LPG LWB,LPG,4104,LIGHT BUS,5.29,19,2018,7,2018
Public Light Bus,TOYOTA,COASTER LPG LWB,LPG,4104,LIGHT BUS,5.29,19,2018,7,2018
Public Light Bus,TOYOTA,COASTER LPG LWB,LPG,4104,LIGHT BUS,5.29,19,2018,7,2018
Public Light Bus,TOYOTA,COASTER LPG LWB,LPG,4104,LIGHT BUS,5.29,17,2018,7,2018
Public Light Bus,TOYOTA,COASTER LPG LWB,LPG,4104,LIGHT BUS,5.29,19,2018,7,2018
Public Light Bus,TOYOTA,COASTER LPG LWB,LPG,4104,LIGHT BUS,5.29,19,2018,7,2018
Public Light Bus,TOYOTA,COASTER LPG LWB,LPG,4104,LIGHT BUS,5.29,17,2018,7,2018
Public Light Bus,TOYOTA,COASTER LPG LWB,LPG,4104,LIGHT BUS,5.29,19,2018,7,2018
Public Light Bus,TOYOTA,COASTER LPG LWB,LPG,4104,LIGHT BUS,5.29,19,2018,7,2018
Public Light Bus,TOYOTA,COASTER LPG LWB,LPG,4104,LIGHT BUS,5.29,19,2018,7,2018
Public Light Bus,TOYOTA,COASTER AUTO DIESEL LWB,Diesel,4009,LIGHT BUS,5.29,19,2018,7,2018
Public Light Bus,TOYOTA,COASTER LPG LWB,LPG,4104,LIGHT BUS,5.29,19,2018,7,2018
Public Light Bus,TOYOTA,COASTER LPG LWB,LPG,4104,LIGHT BUS,5.29,19,2018,7,2018
Public Light Bus,TOYOTA,COASTER LPG LWB,LPG,4104,LIGHT BUS,5.29,17,2018,7,2018
Public Light Bus,TOYOTA,COASTER AUTO DIESEL LWB,Diesel,4009,LIGHT BUS,5.29,19,2018,7,2018
Public Light Bus,TOYOTA,COASTER LPG LWB,LPG,4104,LIGHT BUS,5.29,19,2018,7,2018
Public Light Bus,TOYOTA,COASTER LPG LWB,LPG,4104,LIGHT BUS,5.29,19,2018,7,2018
Public Light Bus,TOYOTA,COASTER LPG LWB,LPG,4104,LIGHT BUS,5.29,19,2018,7,2018
Public Light Bus,TOYOTA,COASTER LPG LWB,LPG,4104,LIGHT BUS,5.29,19,2018,7,2018
Public Light Bus,TOYOTA,COASTER LPG LWB,LPG,4104,LIGHT BUS,5.29,19,2018,7,2018
Public Light Bus,TOYOTA,COASTER MANUAL DIESEL LWB,Diesel,4009,LIGHT BUS,5.29,19,2017,7,2018
Public Light Bus,TOYOTA,COASTER AUTO DIESEL LWB,Diesel,4009,LIGHT BUS,5.29,19,2018,7,2018
Public Light Bus,TOYOTA,COASTER MANUAL DIESEL LWB,Diesel,4009,LIGHT BUS,5.29,19,2017,7,2018
Public Light Bus,TOYOTA,COASTER MANUAL DIESEL LWB,Diesel,4009,LIGHT BUS,5.29,19,2017,7,2018
Public Light Bus,TOYOTA,COASTER LPG LWB,LPG,4104,LIGHT BUS,5.29,19,2018,7,2018
Public Light Bus,TOYOTA,COASTER LPG LWB,LPG,4104,LIGHT BUS,5.29,19,2018,7,2018
Public Light Bus,TOYOTA,COASTER LPG LWB,LPG,4104,LIGHT BUS,5.29,19,2018,7,2018
Public Light Bus,TOYOTA,COASTER LPG LWB,LPG,4104,LIGHT BUS,5.29,19,2018,7,2018
Public Light Bus,TOYOTA,COASTER AUTO DIESEL LWB,Diesel,4009,LIGHT BUS,5.29,19,2018,7,2018
Public Light Bus,TOYOTA,COASTER LPG LWB,LPG,4104,LIGHT BUS,5.29,19,2018,7,2018
Public Light Bus,TOYOTA,COASTER MANUAL DIESEL LWB,Diesel,4009,LIGHT BUS,5.29,19,2017,7,2018
Public Light Bus,TOYOTA,COASTER LPG LWB,LPG,4104,LIGHT BUS,5.29,19,2018,7,2018
Public Light Bus,TOYOTA,COASTER AUTO DIESEL LWB,Diesel,4009,LIGHT BUS,5.29,19,2018,7,2018
Public Light Bus,TOYOTA,COASTER LPG LWB,LPG,4104,LIGHT BUS,5.29,19,2018,7,2018
Public Light Bus,TOYOTA,COASTER LPG LWB,LPG,4104,LIGHT BUS,5.29,19,2018,7,2018
Public Light Bus,TOYOTA,COASTER LPG LWB,LPG,4104,LIGHT BUS,5.29,19,2018,7,2018
Public Light Bus,TOYOTA,COASTER LPG LWB,LPG,4104,LIGHT BUS,5.29,17,2018,7,2018
Public Light Bus,TOYOTA,COASTER LPG LWB,LPG,4104,LIGHT BUS,5.29,19,2018,7,2018
Public Light Bus,TOYOTA,COASTER LPG LWB,LPG,4104,LIGHT BUS,5.29,19,2018,7,2018
Public Light Bus,TOYOTA,COASTER LPG LWB,LPG,4104,LIGHT BUS,5.29,19,2018,7,2018
Public Light Bus,TOYOTA,COASTER AUTO DIESEL LWB,Diesel,4009,LIGHT BUS,5.29,19,2018,7,2018
Public Light Bus,TOYOTA,COASTER LPG LWB,LPG,4104,LIGHT BUS,5.29,19,2018,7,2018
Public Light Bus,TOYOTA,COASTER LPG LWB,LPG,4104,LIGHT BUS,5.29,19,2018,7,2018
Private Light Bus,TOYOTA,COASTER LPG SWB,LPG,4104,LIGHT BUS,5.1,14,2018,7,2018
Private Light Bus,TOYOTA,COASTER AUTO DIESEL LWB,Diesel,4009,LIGHT BUS,5.29,19,2018,7,2018
Private Light Bus,TOYOTA,COASTER MANUAL DIESEL LWB,Diesel,4009,LIGHT BUS,5.29,19,2018,7,2018
Private Light Bus,TOYOTA,COASTER MANUAL DIESEL LWB,Diesel,4009,LIGHT BUS,5.29,19,2018,7,2018
Private Light Bus,TOYOTA,COASTER LPG LWB,LPG,4104,LIGHT BUS,5.29,16,2018,7,2018
Private Light Bus,TOYOTA,COASTER AUTO DIESEL LWB,Diesel,4009,LIGHT BUS,5.29,19,2017,7,2018
Private Light Bus,TOYOTA,COASTER AUTO DIESEL LWB,Diesel,4009,LIGHT BUS,5.29,19,2018,7,2018
Private Light Bus,TOYOTA,COASTER MANUAL DIESEL LWB,Diesel,4009,LIGHT BUS,5.29,19,2018,7,2018
Private Light Bus,TOYOTA,COASTER AUTO DIESEL LWB,Diesel,4009,LIGHT BUS,5.29,19,2017,7,2018
Private Light Bus,TOYOTA,COASTER AUTO DIESEL LWB,Diesel,4009,LIGHT BUS,5.29,19,2018,7,2018
Private Light Bus,TOYOTA,COASTER AUTO DIESEL LWB,Diesel,4009,LIGHT BUS,5.29,19,2018,7,2018
Private Light Bus,TOYOTA,COASTER MANUAL DIESEL LWB,Diesel,4009,LIGHT BUS,5.29,19,2018,7,2018
Private Light Bus,TOYOTA,COASTER AUTO DIESEL LWB,Diesel,4009,LIGHT BUS,5.29,19,2018,7,2018
Private Light Bus,TOYOTA,COASTER MANUAL DIESEL LWB,Diesel,4009,LIGHT BUS,5.29,19,2018,7,2018
Private Light Bus,TOYOTA,COASTER LPG LWB,LPG,4104,LIGHT BUS,5.29,14,2018,7,2018
Private Light Bus,TOYOTA,COASTER MANUAL DIESEL LWB,Diesel,4009,LIGHT BUS,5.29,19,2018,7,2018
Private Light Bus,TOYOTA,COASTER MANUAL DIESEL LWB,Diesel,4009,LIGHT BUS,5.29,19,2018,7,2018
Private Light Bus,TOYOTA,COASTER LPG LWB,LPG,4104,LIGHT BUS,5.29,16,2018,7,2018
Private Light Bus,MITSUBISHI FUSO,BE641GRMDA,Diesel,2998,LIGHT BUS,5.5,16,2017,7,2018
Private Light Bus,TOYOTA,COASTER MANUAL DIESEL LWB,Diesel,4009,LIGHT BUS,5.29,19,2018,7,2018
Private Light Bus,TOYOTA,COASTER AUTO DIESEL LWB,Diesel,4009,LIGHT BUS,5.29,19,2017,7,2018
Private Light Bus,TOYOTA,COASTER AUTO DIESEL LWB,Diesel,4009,LIGHT BUS,5.29,19,2017,7,2018
Private Light Bus,TOYOTA,COASTER MANUAL DIESEL LWB,Diesel,4009,LIGHT BUS,5.29,19,2017,7,2018
Private Light Bus,TOYOTA,COASTER AUTO DIESEL LWB,Diesel,4009,LIGHT BUS,5.29,19,2017,7,2018
Private Light Bus,MITSUBISHI FUSO,BE641GRMDA,Diesel,2998,LIGHT BUS,5.5,16,2017,7,2018
Private Light Bus,MITSUBISHI FUSO,BE641GRMDA,Diesel,2998,LIGHT BUS,5.5,16,2017,7,2018
Private Light Bus,TOYOTA,COASTER MANUAL DIESEL LWB,Diesel,4009,LIGHT BUS,5.29,19,2018,7,2018
Private Light Bus,TOYOTA,COASTER AUTO DIESEL LWB,Diesel,4009,LIGHT BUS,5.29,19,2018,7,2018
Private Light Bus,TOYOTA,COASTER AUTO DIESEL LWB,Diesel,4009,LIGHT BUS,5.29,19,2017,7,2018
Public Light Bus,TOYOTA,COASTER LPG LWB,LPG,4104,LIGHT BUS,5.29,19,2018,8,2018
Public Light Bus,TOYOTA,COASTER LPG LWB,LPG,4104,LIGHT BUS,5.29,19,2018,8,2018
Public Light Bus,TOYOTA,COASTER LPG LWB,LPG,4104,LIGHT BUS,5.29,19,2018,8,2018
Public Light Bus,TOYOTA,COASTER LPG LWB,LPG,4104,LIGHT BUS,5.29,19,2018,8,2018
Public Light Bus,TOYOTA,COASTER AUTO DIESEL LWB,Diesel,4009,LIGHT BUS,5.4,19,2018,8,2018
Public Light Bus,TOYOTA,COASTER LPG LWB,LPG,4104,LIGHT BUS,5.29,19,2018,8,2018
Public Light Bus,TOYOTA,COASTER LPG LWB,LPG,4104,LIGHT BUS,5.29,19,2018,8,2018
Public Light Bus,TOYOTA,COASTER LPG LWB,LPG,4104,LIGHT BUS,5.29,19,2018,8,2018
Public Light Bus,TOYOTA,COASTER LPG LWB,LPG,4104,LIGHT BUS,5.29,19,2018,8,2018
Public Light Bus,TOYOTA,COASTER AUTO DIESEL LWB,Diesel,4009,LIGHT BUS,5.4,19,2018,8,2018
Public Light Bus,TOYOTA,COASTER LPG LWB,LPG,4104,LIGHT BUS,5.29,19,2018,8,2018
Public Light Bus,TOYOTA,COASTER LPG LWB,LPG,4104,LIGHT BUS,5.29,19,2018,8,2018
Public Light Bus,TOYOTA,COASTER LPG LWB,LPG,4104,LIGHT BUS,5.29,19,2018,8,2018
Public Light Bus,TOYOTA,COASTER LPG LWB,LPG,4104,LIGHT BUS,5.29,19,2018,8,2018
Public Light Bus,TOYOTA,COASTER LPG LWB,LPG,4104,LIGHT BUS,5.29,19,2018,8,2018
Public Light Bus,TOYOTA,COASTER LPG LWB,LPG,4104,LIGHT BUS,5.29,19,2018,8,2018
Public Light Bus,TOYOTA,COASTER LPG LWB,LPG,4104,LIGHT BUS,5.29,19,2018,8,2018
Public Light Bus,TOYOTA,COASTER LPG LWB,LPG,4104,LIGHT BUS,5.29,19,2018,8,2018
Public Light Bus,TOYOTA,COASTER LPG LWB,LPG,4104,LIGHT BUS,5.29,19,2018,8,2018
Public Light Bus,TOYOTA,COASTER LPG LWB,LPG,4104,LIGHT BUS,5.29,19,2018,8,2018
Public Light Bus,TOYOTA,COASTER LPG LWB,LPG,4104,LIGHT BUS,5.29,19,2018,8,2018
Public Light Bus,TOYOTA,COASTER LPG LWB,LPG,4104,LIGHT BUS,5.29,19,2018,8,2018
Public Light Bus,TOYOTA,COASTER MANUAL DIESEL LWB,Diesel,4009,LIGHT BUS,5.29,19,2017,8,2018
Public Light Bus,TOYOTA,COASTER LPG LWB,LPG,4104,LIGHT BUS,5.29,19,2018,8,2018
Public Light Bus,TOYOTA,COASTER LPG LWB,LPG,4104,LIGHT BUS,5.29,19,2018,8,2018
Public Light Bus,TOYOTA,COASTER LPG LWB,LPG,4104,LIGHT BUS,5.29,19,2018,8,2018
Public Light Bus,TOYOTA,COASTER LPG LWB,LPG,4104,LIGHT BUS,5.29,19,2018,8,2018
Public Light Bus,TOYOTA,COASTER LPG LWB,LPG,4104,LIGHT BUS,5.29,19,2018,8,2018
Public Light Bus,TOYOTA,COASTER LPG LWB,LPG,4104,LIGHT BUS,5.29,19,2018,8,2018
Public Light Bus,TOYOTA,COASTER LPG LWB,LPG,4104,LIGHT BUS,5.29,19,2018,8,2018
Public Light Bus,TOYOTA,COASTER LPG LWB,LPG,4104,LIGHT BUS,5.29,19,2018,8,2018
Public Light Bus,TOYOTA,COASTER LPG LWB,LPG,4104,LIGHT BUS,5.29,19,2018,8,2018
Public Light Bus,TOYOTA,COASTER LPG LWB,LPG,4104,LIGHT BUS,5.29,19,2018,8,2018
Public Light Bus,TOYOTA,COASTER LPG LWB,LPG,4104,LIGHT BUS,5.29,19,2018,8,2018
Public Light Bus,TOYOTA,COASTER MANUAL DIESEL LWB,Diesel,4009,LIGHT BUS,5.29,19,2017,8,2018
Public Light Bus,TOYOTA,COASTER LPG LWB,LPG,4104,LIGHT BUS,5.29,19,2018,8,2018
Public Light Bus,TOYOTA,COASTER MANUAL DIESEL LWB,Diesel,4009,LIGHT BUS,5.29,19,2017,8,2018
Public Light Bus,TOYOTA,COASTER LPG LWB,LPG,4104,LIGHT BUS,5.29,19,2018,8,2018
Public Light Bus,TOYOTA,COASTER LPG LWB,LPG,4104,LIGHT BUS,5.29,19,2018,8,2018
Public Light Bus,TOYOTA,COASTER LPG LWB,LPG,4104,LIGHT BUS,5.29,19,2018,8,2018
Public Light Bus,TOYOTA,COASTER LPG LWB,LPG,4104,LIGHT BUS,5.29,19,2018,8,2018
Public Light Bus,TOYOTA,COASTER MANUAL DIESEL LWB,Diesel,4009,LIGHT BUS,5.29,19,2017,8,2018
Public Light Bus,TOYOTA,COASTER LPG LWB,LPG,4104,LIGHT BUS,5.29,19,2018,8,2018
Public Light Bus,TOYOTA,COASTER LPG LWB,LPG,4104,LIGHT BUS,5.29,19,2018,8,2018
Public Light Bus,TOYOTA,COASTER LPG LWB,LPG,4104,LIGHT BUS,5.29,19,2018,8,2018
Private Light Bus,MAXUS,V80 SV6 A110/3005133,Diesel,2499,LIGHT BUS,3.5,13,2015,8,2018
Private Light Bus,TOYOTA,COASTER AUTO DIESEL LWB,Diesel,4009,LIGHT BUS,5.29,19,2018,8,2018
Private Light Bus,TOYOTA,COASTER MANUAL DIESEL LWB,Diesel,4009,LIGHT BUS,5.29,19,2017,8,2018
Private Light Bus,TOYOTA,COASTER LPG LWB,LPG,4104,LIGHT BUS,5.29,19,2018,8,2018
Private Light Bus,TOYOTA,COASTER MANUAL DIESEL LWB,Diesel,4009,LIGHT BUS,5.29,19,2018,8,2018
Private Light Bus,TOYOTA,COASTER MANUAL DIESEL LWB,Diesel,4009,LIGHT BUS,5.29,19,2017,8,2018
Private Light Bus,TOYOTA,COASTER MANUAL DIESEL LWB,Diesel,4009,LIGHT BUS,5.29,19,2018,8,2018
Private Light Bus,TOYOTA,COASTER MANUAL DIESEL LWB,Diesel,4009,LIGHT BUS,5.29,19,2017,8,2018
Private Light Bus,TOYOTA,COASTER MANUAL DIESEL LWB,Diesel,4009,LIGHT BUS,5.29,19,2018,8,2018
Private Light Bus,TOYOTA,COASTER LPG LWB,LPG,4104,LIGHT BUS,5.29,19,2018,8,2018
Private Light Bus,TOYOTA,COASTER AUTO DIESEL LWB,Diesel,4009,LIGHT BUS,5.29,19,2018,8,2018
Private Light Bus,TOYOTA,COASTER MANUAL DIESEL LWB,Diesel,4009,LIGHT BUS,5.29,19,2017,8,2018
Private Light Bus,TOYOTA,COASTER AUTO DIESEL LWB,Diesel,4009,LIGHT BUS,5.29,19,2018,8,2018
Private Light Bus,TOYOTA,COASTER MANUAL DIESEL LWB,Diesel,4009,LIGHT BUS,5.29,19,2017,8,2018
Private Light Bus,TOYOTA,COASTER MANUAL DIESEL LWB,Diesel,4009,LIGHT BUS,5.29,19,2018,8,2018
Private Light Bus,TOYOTA,COASTER MANUAL DIESEL LWB,Diesel,4009,LIGHT BUS,5.29,19,2017,8,2018
Private Light Bus,TOYOTA,COASTER MANUAL DIESEL LWB,Diesel,4009,LIGHT BUS,5.29,19,2018,8,2018
Private Light Bus,TOYOTA,COASTER MANUAL DIESEL LWB,Diesel,4009,LIGHT BUS,5.29,19,2017,8,2018
Private Light Bus,TOYOTA,COASTER AUTO DIESEL LWB,Diesel,4009,LIGHT BUS,5.29,19,2018,8,2018
Private Light Bus,TOYOTA,COASTER LPG LWB,LPG,4104,LIGHT BUS,5.29,19,2018,8,2018
Private Light Bus,TOYOTA,COASTER AUTO DIESEL LWB,Diesel,4009,LIGHT BUS,5.29,19,2018,8,2018
Private Light Bus,TOYOTA,COASTER MANUAL DIESEL LWB,Diesel,4009,LIGHT BUS,5.29,19,2017,8,2018
Private Light Bus,TOYOTA,COASTER LPG LWB,LPG,4104,LIGHT BUS,5.29,19,2018,8,2018
Private Light Bus,TOYOTA,COASTER MANUAL DIESEL LWB,Diesel,4009,LIGHT BUS,5.29,19,2018,8,2018
Private Light Bus,TOYOTA,COASTER LPG LWB,LPG,4104,LIGHT BUS,5.29,14,2017,8,2018
Private Light Bus,TOYOTA,COASTER MANUAL DIESEL LWB,Diesel,4009,LIGHT BUS,5.29,19,2018,8,2018
Private Light Bus,TOYOTA,COASTER MANUAL DIESEL LWB,Diesel,4009,LIGHT BUS,5.29,19,2018,8,2018
Private Light Bus,TOYOTA,COASTER MANUAL DIESEL LWB,Diesel,4009,LIGHT BUS,5.29,19,2018,8,2018
Private Light Bus,MITSUBISHI FUSO,BE641GRMDA,Diesel,2998,LIGHT BUS,5.5,19,2018,8,2018
Private Light Bus,TOYOTA,COASTER MANUAL DIESEL LWB,Diesel,4009,LIGHT BUS,5.29,19,2018,8,2018
Private Light Bus,TOYOTA,COASTER MANUAL DIESEL LWB,Diesel,4009,LIGHT BUS,5.29,19,2018,8,2018
Private Light Bus,TOYOTA,COASTER MANUAL DIESEL LWB,Diesel,4009,LIGHT BUS,5.29,19,2018,8,2018
Private Light Bus,TOYOTA,COASTER MANUAL DIESEL LWB,Diesel,4009,LIGHT BUS,5.29,19,2018,8,2018
Private Light Bus,TOYOTA,COASTER MANUAL DIESEL LWB,Diesel,4009,LIGHT BUS,5.29,19,2017,8,2018
Private Light Bus,TOYOTA,COASTER LPG LWB,LPG,4104,LIGHT BUS,5.29,19,2018,8,2018
Private Light Bus,TOYOTA,COASTER MANUAL DIESEL LWB,Diesel,4009,LIGHT BUS,5.29,19,2018,8,2018
Private Light Bus,TOYOTA,COASTER MANUAL DIESEL LWB,Diesel,4009,LIGHT BUS,5.29,19,2017,8,2018
Private Light Bus,TOYOTA,COASTER MANUAL DIESEL LWB,Diesel,4009,LIGHT BUS,5.29,19,2018,8,2018
Private Light Bus,TOYOTA,COASTER MANUAL DIESEL LWB,Diesel,4009,LIGHT BUS,5.29,19,2017,8,2018
Private Light Bus,TOYOTA,COASTER MANUAL DIESEL LWB,Diesel,4009,LIGHT BUS,5.29,19,2017,8,2018
Private Light Bus,TOYOTA,COASTER MANUAL DIESEL LWB,Diesel,4009,LIGHT BUS,5.29,19,2018,8,2018
Private Light Bus,TOYOTA,COASTER LPG LWB,LPG,4104,LIGHT BUS,5.29,19,2018,8,2018
Private Light Bus,TOYOTA,COASTER MANUAL DIESEL LWB,Diesel,4009,LIGHT BUS,5.29,19,2018,8,2018
Private Light Bus,TOYOTA,COASTER MANUAL DIESEL LWB,Diesel,4009,LIGHT BUS,5.29,19,2018,8,2018
Private Light Bus,TOYOTA,COASTER AUTO DIESEL LWB,Diesel,4009,LIGHT BUS,5.29,19,2018,8,2018
Private Light Bus,MITSUBISHI FUSO,BE641GRMDA,Diesel,2998,LIGHT BUS,5.5,19,2018,8,2018
Private Light Bus,GOLDEN DRAGON,XML6701J,Diesel,3800,LIGHT BUS,5.5,19,2018,8,2018
Private Light Bus,TOYOTA,COASTER AUTO DIESEL LWB,Diesel,4009,LIGHT BUS,5.29,19,2018,8,2018
Private Light Bus,TOYOTA,COASTER MANUAL DIESEL LWB,Diesel,4009,LIGHT BUS,5.29,19,2017,8,2018
Private Light Bus,TOYOTA,COASTER AUTO DIESEL LWB,Diesel,4009,LIGHT BUS,5.29,19,2018,8,2018
Private Light Bus,TOYOTA,COASTER MANUAL DIESEL LWB,Diesel,4009,LIGHT BUS,5.29,19,2018,8,2018
Private Light Bus,TOYOTA,COASTER MANUAL DIESEL LWB,Diesel,4009,LIGHT BUS,5.29,19,2017,8,2018
Private Light Bus,TOYOTA,COASTER MANUAL DIESEL LWB,Diesel,4009,LIGHT BUS,5.29,19,2017,8,2018
Private Light Bus,TOYOTA,COASTER MANUAL DIESEL LWB,Diesel,4009,LIGHT BUS,5.29,19,2018,8,2018
Private Light Bus,TOYOTA,COASTER MANUAL DIESEL LWB,Diesel,4009,LIGHT BUS,5.29,19,2017,8,2018
Private Light Bus,TOYOTA,COASTER MANUAL DIESEL LWB,Diesel,4009,LIGHT BUS,5.29,19,2018,8,2018
Private Light Bus,TOYOTA,COASTER MANUAL DIESEL LWB,Diesel,4009,LIGHT BUS,5.29,19,2018,8,2018
Private Light Bus,TOYOTA,COASTER AUTO DIESEL LWB,Diesel,4009,LIGHT BUS,5.29,19,2018,8,2018
Private Light Bus,TOYOTA,COASTER MANUAL DIESEL LWB,Diesel,4009,LIGHT BUS,5.29,19,2018,8,2018
Private Light Bus,TOYOTA,COASTER MANUAL DIESEL LWB,Diesel,4009,LIGHT BUS,5.29,19,2018,8,2018
Private Light Bus,TOYOTA,COASTER MANUAL DIESEL LWB,Diesel,4009,LIGHT BUS,5.29,19,2017,8,2018
Private Light Bus,TOYOTA,COASTER AUTO DIESEL LWB,Diesel,4009,LIGHT BUS,5.29,19,2017,8,2018
Private Light Bus,TOYOTA,COASTER MANUAL DIESEL LWB,Diesel,4009,LIGHT BUS,5.29,19,2017,8,2018
Private Light Bus,TOYOTA,COASTER MANUAL DIESEL LWB,Diesel,4009,LIGHT BUS,5.29,19,2018,8,2018
Private Light Bus,TOYOTA,COASTER LPG LWB,LPG,4104,LIGHT BUS,5.29,19,2018,8,2018
Private Light Bus,TOYOTA,COASTER MANUAL DIESEL LWB,Diesel,4009,LIGHT BUS,5.29,19,2018,8,2018
Private Light Bus,TOYOTA,COASTER MANUAL DIESEL LWB,Diesel,4009,LIGHT BUS,5.29,19,2018,8,2018
Private Light Bus,TOYOTA,COASTER LPG LWB,LPG,4104,LIGHT BUS,5.29,19,2018,8,2018
Private Light Bus,TOYOTA,COASTER MANUAL DIESEL LWB,Diesel,4009,LIGHT BUS,5.29,19,2017,8,2018
Private Light Bus,TOYOTA,COASTER MANUAL DIESEL LWB,Diesel,4009,LIGHT BUS,5.29,19,2018,8,2018
Private Light Bus,TOYOTA,COASTER MANUAL DIESEL LWB,Diesel,4009,LIGHT BUS,5.29,19,2018,8,2018
Private Light Bus,TOYOTA,COASTER AUTO DIESEL LWB,Diesel,4009,LIGHT BUS,5.29,19,2018,8,2018
Private Light Bus,TOYOTA,COASTER MANUAL DIESEL LWB,Diesel,4009,LIGHT BUS,5.29,19,2018,8,2018
Private Light Bus,TOYOTA,COASTER MANUAL DIESEL LWB,Diesel,4009,LIGHT BUS,5.29,19,2017,8,2018
Private Light Bus,TOYOTA,COASTER AUTO DIESEL LWB,Diesel,4009,LIGHT BUS,5.29,19,2018,8,2018
Private Light Bus,TOYOTA,COASTER MANUAL DIESEL LWB,Diesel,4009,LIGHT BUS,5.29,19,2017,8,2018
Private Light Bus,TOYOTA,COASTER AUTO DIESEL LWB,Diesel,4009,LIGHT BUS,5.29,19,2018,8,2018
Private Light Bus,TOYOTA,COASTER AUTO DIESEL LWB,Diesel,4009,LIGHT BUS,5.29,19,2018,8,2018
Private Light Bus,TOYOTA,COASTER MANUAL DIESEL LWB,Diesel,4009,LIGHT BUS,5.29,19,2017,8,2018
Private Light Bus,MITSUBISHI FUSO,BE641GRMDA,Diesel,2998,LIGHT BUS,5.5,19,2018,8,2018
Private Light Bus,TOYOTA,COASTER AUTO DIESEL LWB,Diesel,4009,LIGHT BUS,5.29,19,2018,8,2018
Private Light Bus,TOYOTA,COASTER MANUAL DIESEL LWB,Diesel,4009,LIGHT BUS,5.29,19,2017,8,2018
Private Light Bus,TOYOTA,COASTER MANUAL DIESEL LWB,Diesel,4009,LIGHT BUS,5.29,19,2018,8,2018
Private Light Bus,TOYOTA,COASTER MANUAL DIESEL LWB,Diesel,4009,LIGHT BUS,5.29,19,2017,8,2018
Private Light Bus,TOYOTA,COASTER MANUAL DIESEL LWB,Diesel,4009,LIGHT BUS,5.29,19,2018,8,2018
Private Light Bus,TOYOTA,COASTER MANUAL DIESEL LWB,Diesel,4009,LIGHT BUS,5.29,19,2018,8,2018
Private Light Bus,TOYOTA,COASTER MANUAL DIESEL LWB,Diesel,4009,LIGHT BUS,5.29,19,2018,8,2018
Private Light Bus,TOYOTA,COASTER MANUAL DIESEL LWB,Diesel,4009,LIGHT BUS,5.29,19,2017,8,2018
Private Light Bus,TOYOTA,COASTER MANUAL DIESEL LWB,Diesel,4009,LIGHT BUS,5.29,19,2018,8,2018
Private Light Bus,TOYOTA,COASTER MANUAL DIESEL LWB,Diesel,4009,LIGHT BUS,5.29,19,2018,8,2018
Private Light Bus,TOYOTA,COASTER MANUAL DIESEL LWB,Diesel,4009,LIGHT BUS,5.29,19,2017,8,2018
Private Light Bus,TOYOTA,COASTER MANUAL DIESEL LWB,Diesel,4009,LIGHT BUS,5.29,19,2018,8,2018
Private Light Bus,TOYOTA,COASTER MANUAL DIESEL LWB,Diesel,4009,LIGHT BUS,5.29,19,2018,8,2018
Private Light Bus,MITSUBISHI FUSO,BE641GRMDA,Diesel,2998,LIGHT BUS,5.5,19,2018,8,2018
Private Light Bus,TOYOTA,COASTER MANUAL DIESEL LWB,Diesel,4009,LIGHT BUS,5.29,19,2018,8,2018
Private Light Bus,TOYOTA,COASTER AUTO DIESEL LWB,Diesel,4009,LIGHT BUS,5.29,19,2018,8,2018
Private Light Bus,TOYOTA,COASTER AUTO DIESEL LWB,Diesel,4009,LIGHT BUS,5.29,19,2018,8,2018
Private Light Bus,TOYOTA,COASTER LPG LWB,LPG,4104,LIGHT BUS,5.29,19,2018,8,2018
Private Light Bus,TOYOTA,COASTER AUTO DIESEL LWB,Diesel,4009,LIGHT BUS,5.29,19,2018,8,2018
Private Light Bus,TOYOTA,COASTER MANUAL DIESEL LWB,Diesel,4009,LIGHT BUS,5.29,19,2018,8,2018
Private Light Bus,TOYOTA,COASTER MANUAL DIESEL LWB,Diesel,4009,LIGHT BUS,5.29,19,2018,8,2018
Private Light Bus,TOYOTA,COASTER AUTO DIESEL LWB,Diesel,4009,LIGHT BUS,5.29,19,2018,8,2018
Private Light Bus,TOYOTA,COASTER MANUAL DIESEL LWB,Diesel,4009,LIGHT BUS,5.29,19,2017,8,2018
Private Light Bus,TOYOTA,COASTER MANUAL DIESEL LWB,Diesel,4009,LIGHT BUS,5.29,19,2018,8,2018
Private Light Bus,TOYOTA,COASTER MANUAL DIESEL LWB,Diesel,4009,LIGHT BUS,5.29,19,2018,8,2018
Private Light Bus,TOYOTA,COASTER MANUAL DIESEL LWB,Diesel,4009,LIGHT BUS,5.29,19,2017,8,2018
Private Light Bus,TOYOTA,COASTER MANUAL DIESEL LWB,Diesel,4009,LIGHT BUS,5.29,19,2017,8,2018
Private Light Bus,TOYOTA,COASTER MANUAL DIESEL LWB,Diesel,4009,LIGHT BUS,5.29,19,2017,8,2018
Private Light Bus,TOYOTA,COASTER MANUAL DIESEL LWB,Diesel,4009,LIGHT BUS,5.29,19,2017,8,2018
Private Light Bus,TOYOTA,COASTER MANUAL DIESEL LWB,Diesel,4009,LIGHT BUS,5.29,19,2017,8,2018
Private Light Bus,TOYOTA,COASTER MANUAL DIESEL LWB,Diesel,4009,LIGHT BUS,5.29,19,2018,8,2018
Private Light Bus,TOYOTA,COASTER LPG LWB,LPG,4104,LIGHT BUS,5.29,19,2018,8,2018
Private Light Bus,TOYOTA,COASTER LPG LWB,LPG,4104,LIGHT BUS,5.29,19,2018,8,2018
Private Light Bus,TOYOTA,COASTER MANUAL DIESEL LWB,Diesel,4009,LIGHT BUS,5.29,19,2017,8,2018
Private Light Bus,TOYOTA,COASTER MANUAL DIESEL LWB,Diesel,4009,LIGHT BUS,5.29,19,2018,8,2018
Private Light Bus,TOYOTA,COASTER MANUAL DIESEL LWB,Diesel,4009,LIGHT BUS,5.29,19,2018,8,2018
Private Light Bus,TOYOTA,COASTER MANUAL DIESEL LWB,Diesel,4009,LIGHT BUS,5.29,19,2018,8,2018
Private Light Bus,TOYOTA,COASTER MANUAL DIESEL LWB,Diesel,4009,LIGHT BUS,5.29,19,2017,8,2018
Private Light Bus,TOYOTA,COASTER MANUAL DIESEL LWB,Diesel,4009,LIGHT BUS,5.29,19,2018,8,2018
Private Light Bus,TOYOTA,COASTER LPG LWB,LPG,4104,LIGHT BUS,5.29,19,2018,8,2018
Private Light Bus,TOYOTA,COASTER MANUAL DIESEL LWB,Diesel,4009,LIGHT BUS,5.29,19,2018,8,2018
Private Light Bus,TOYOTA,COASTER LPG LWB,LPG,4104,LIGHT BUS,5.29,19,2018,8,2018
Private Light Bus,TOYOTA,COASTER MANUAL DIESEL LWB,Diesel,4009,LIGHT BUS,5.29,19,2017,8,2018
Private Light Bus,TOYOTA,COASTER MANUAL DIESEL LWB,Diesel,4009,LIGHT BUS,5.29,19,2017,8,2018
Private Light Bus,TOYOTA,COASTER MANUAL DIESEL LWB,Diesel,4009,LIGHT BUS,5.29,19,2017,8,2018
Private Light Bus,TOYOTA,COASTER MANUAL DIESEL LWB,Diesel,4009,LIGHT BUS,5.29,19,2017,8,2018
Private Light Bus,TOYOTA,COASTER MANUAL DIESEL LWB,Diesel,4009,LIGHT BUS,5.29,19,2017,8,2018
Private Light Bus,TOYOTA,COASTER LPG LWB,LPG,4104,LIGHT BUS,5.29,19,2018,8,2018
Private Light Bus,TOYOTA,COASTER AUTO DIESEL LWB,Diesel,4009,LIGHT BUS,5.29,19,2018,8,2018
Private Light Bus,TOYOTA,COASTER LPG LWB,LPG,4104,LIGHT BUS,5.29,19,2018,8,2018
Private Light Bus,TOYOTA,COASTER MANUAL DIESEL LWB,Diesel,4009,LIGHT BUS,5.29,19,2017,8,2018
Private Light Bus,TOYOTA,COASTER MANUAL DIESEL LWB,Diesel,4009,LIGHT BUS,5.29,19,2018,8,2018
Private Light Bus,TOYOTA,COASTER MANUAL DIESEL LWB,Diesel,4009,LIGHT BUS,5.29,19,2018,8,2018
Private Light Bus,TOYOTA,COASTER AUTO DIESEL LWB,Diesel,4009,LIGHT BUS,5.29,19,2018,8,2018
Private Light Bus,TOYOTA,COASTER MANUAL DIESEL LWB,Diesel,4009,LIGHT BUS,5.29,19,2017,8,2018
Private Light Bus,TOYOTA,COASTER MANUAL DIESEL LWB,Diesel,4009,LIGHT BUS,5.29,19,2017,8,2018
Private Light Bus,TOYOTA,COASTER MANUAL DIESEL LWB,Diesel,4009,LIGHT BUS,5.29,19,2018,8,2018
Private Light Bus,TOYOTA,COASTER AUTO DIESEL LWB,Diesel,4009,LIGHT BUS,5.29,19,2018,8,2018
Private Light Bus,TOYOTA,COASTER MANUAL DIESEL LWB,Diesel,4009,LIGHT BUS,5.29,19,2017,8,2018
Private Light Bus,TOYOTA,COASTER MANUAL DIESEL LWB,Diesel,4009,LIGHT BUS,5.29,19,2017,8,2018
Private Light Bus,TOYOTA,COASTER AUTO DIESEL LWB,Diesel,4009,LIGHT BUS,5.29,19,2018,8,2018
Private Light Bus,TOYOTA,COASTER MANUAL DIESEL LWB,Diesel,4009,LIGHT BUS,5.29,19,2017,8,2018
Private Light Bus,TOYOTA,COASTER LPG LWB,LPG,4104,LIGHT BUS,5.29,19,2018,8,2018
Private Light Bus,TOYOTA,COASTER AUTO DIESEL LWB,Diesel,4009,LIGHT BUS,5.29,19,2018,8,2018
Private Light Bus,TOYOTA,COASTER MANUAL DIESEL LWB,Diesel,4009,LIGHT BUS,5.29,19,2018,8,2018
Private Light Bus,TOYOTA,COASTER MANUAL DIESEL LWB,Diesel,4009,LIGHT BUS,5.29,19,2018,8,2018
Private Light Bus,TOYOTA,COASTER LPG LWB,LPG,4104,LIGHT BUS,5.29,19,2018,8,2018
Private Light Bus,TOYOTA,COASTER AUTO DIESEL LWB,Diesel,4009,LIGHT BUS,5.29,19,2018,8,2018
Private Light Bus,TOYOTA,COASTER MANUAL DIESEL LWB,Diesel,4009,LIGHT BUS,5.29,19,2018,8,2018
Private Light Bus,TOYOTA,COASTER MANUAL DIESEL LWB,Diesel,4009,LIGHT BUS,5.29,19,2018,8,2018
Private Light Bus,TOYOTA,COASTER MANUAL DIESEL LWB,Diesel,4009,LIGHT BUS,5.29,19,2018,8,2018
Private Light Bus,TOYOTA,COASTER LPG LWB,LPG,4104,LIGHT BUS,5.29,19,2018,8,2018
Private Light Bus,TOYOTA,COASTER LPG LWB,LPG,4104,LIGHT BUS,5.29,16,2017,8,2018
Private Light Bus,TOYOTA,COASTER MANUAL DIESEL LWB,Diesel,4009,LIGHT BUS,5.29,19,2017,8,2018
Private Light Bus,TOYOTA,COASTER LPG LWB,LPG,4104,LIGHT BUS,5.29,19,2018,8,2018
Private Light Bus,TOYOTA,COASTER MANUAL DIESEL LWB,Diesel,4009,LIGHT BUS,5.29,19,2018,8,2018
Private Light Bus,TOYOTA,COASTER MANUAL DIESEL LWB,Diesel,4009,LIGHT BUS,5.29,19,2018,8,2018
Public Light Bus,TOYOTA,COASTER LPG LWB,LPG,4104,LIGHT BUS,5.29,19,2018,9,2018
Public Light Bus,TOYOTA,COASTER LPG LWB,LPG,4104,LIGHT BUS,5.29,19,2018,9,2018
Public Light Bus,TOYOTA,COASTER LPG LWB,LPG,4104,LIGHT BUS,5.29,19,2018,9,2018
Public Light Bus,TOYOTA,COASTER LPG LWB,LPG,4104,LIGHT BUS,5.29,19,2018,9,2018
Public Light Bus,TOYOTA,COASTER AUTO DIESEL LWB,Diesel,4009,LIGHT BUS,5.4,19,2018,9,2018
Public Light Bus,TOYOTA,COASTER LPG LWB,LPG,4104,LIGHT BUS,5.29,19,2018,9,2018
Public Light Bus,GOLDEN DRAGON,XML6701J,Diesel,3800,LIGHT BUS,5.5,19,2018,9,2018
Public Light Bus,TOYOTA,COASTER AUTO DIESEL LWB,Diesel,4009,LIGHT BUS,5.4,19,2018,9,2018
Public Light Bus,TOYOTA,COASTER LPG LWB,LPG,4104,LIGHT BUS,5.29,19,2018,9,2018
Public Light Bus,TOYOTA,COASTER LPG LWB,LPG,4104,LIGHT BUS,5.29,19,2018,9,2018
Public Light Bus,TOYOTA,COASTER LPG LWB,LPG,4104,LIGHT BUS,5.29,19,2018,9,2018
Public Light Bus,TOYOTA,COASTER MANUAL DIESEL LWB,Diesel,4009,LIGHT BUS,5.29,19,2017,9,2018
Public Light Bus,TOYOTA,COASTER LPG LWB,LPG,4104,LIGHT BUS,5.29,19,2018,9,2018
Public Light Bus,TOYOTA,COASTER LPG LWB,LPG,4104,LIGHT BUS,5.29,19,2018,9,2018
Public Light Bus,TOYOTA,COASTER AUTO DIESEL LWB,Diesel,4009,LIGHT BUS,5.4,19,2018,9,2018
Public Light Bus,TOYOTA,COASTER AUTO DIESEL LWB,Diesel,4009,LIGHT BUS,5.4,19,2018,9,2018
Public Light Bus,MITSUBISHI FUSO,BE641GRMDA,Diesel,2998,LIGHT BUS,5.5,19,2017,9,2018
Public Light Bus,TOYOTA,COASTER LPG LWB,LPG,4104,LIGHT BUS,5.29,19,2018,9,2018
Public Light Bus,TOYOTA,COASTER LPG LWB,LPG,4104,LIGHT BUS,5.29,19,2018,9,2018
Public Light Bus,TOYOTA,COASTER LPG LWB,LPG,4104,LIGHT BUS,5.29,19,2018,9,2018
Public Light Bus,TOYOTA,COASTER LPG LWB,LPG,4104,LIGHT BUS,5.29,19,2018,9,2018
Public Light Bus,TOYOTA,COASTER LPG LWB,LPG,4104,LIGHT BUS,5.29,19,2018,9,2018
Public Light Bus,TOYOTA,COASTER LPG LWB,LPG,4104,LIGHT BUS,5.29,19,2018,9,2018
Public Light Bus,TOYOTA,COASTER LPG LWB,LPG,4104,LIGHT BUS,5.29,19,2018,9,2018
Public Light Bus,TOYOTA,COASTER LPG LWB,LPG,4104,LIGHT BUS,5.29,19,2018,9,2018
Public Light Bus,TOYOTA,COASTER AUTO DIESEL LWB,Diesel,4009,LIGHT BUS,5.4,19,2018,9,2018
Public Light Bus,TOYOTA,COASTER LPG LWB,LPG,4104,LIGHT BUS,5.29,19,2018,9,2018
Public Light Bus,TOYOTA,COASTER MANUAL DIESEL LWB,Diesel,4009,LIGHT BUS,5.29,19,2017,9,2018
Public Light Bus,TOYOTA,COASTER LPG LWB,LPG,4104,LIGHT BUS,5.29,19,2018,9,2018
Public Light Bus,TOYOTA,COASTER MANUAL DIESEL LWB,Diesel,4009,LIGHT BUS,5.29,19,2017,9,2018
Public Light Bus,TOYOTA,COASTER LPG LWB,LPG,4104,LIGHT BUS,5.29,19,2018,9,2018
Public Light Bus,TOYOTA,COASTER AUTO DIESEL LWB,Diesel,4009,LIGHT BUS,5.4,19,2018,9,2018
Public Light Bus,TOYOTA,COASTER LPG LWB,LPG,4104,LIGHT BUS,5.29,19,2018,9,2018
Public Light Bus,TOYOTA,COASTER LPG LWB,LPG,4104,LIGHT BUS,5.29,19,2018,9,2018
Private Light Bus,TOYOTA,COASTER MANUAL DIESEL LWB,Diesel,4009,LIGHT BUS,5.29,19,2018,9,2018
Private Light Bus,TOYOTA,COASTER AUTO DIESEL LWB,Diesel,4009,LIGHT BUS,5.29,19,2018,9,2018
Private Light Bus,TOYOTA,COASTER LPG LWB,LPG,4104,LIGHT BUS,5.29,14,2018,9,2018
Private Light Bus,TOYOTA,COASTER LPG LWB,LPG,4104,LIGHT BUS,5.29,14,2018,9,2018
Private Light Bus,TOYOTA,COASTER LPG LWB,LPG,4104,LIGHT BUS,5.29,14,2018,9,2018
Private Light Bus,GOLDEN DRAGON,XML6701J,Diesel,3800,LIGHT BUS,5.5,19,2018,9,2018
Private Light Bus,TOYOTA,COASTER LPG LWB,LPG,4104,LIGHT BUS,5.29,14,2018,9,2018
Public Light Bus,TOYOTA,COASTER LPG LWB,LPG,4104,LIGHT BUS,5.29,19,2018,10,2018
Public Light Bus,TOYOTA,COASTER LPG LWB,LPG,4104,LIGHT BUS,5.29,19,2018,10,2018
Public Light Bus,TOYOTA,COASTER MANUAL DIESEL LWB,Diesel,4009,LIGHT BUS,5.29,19,2017,10,2018
Public Light Bus,TOYOTA,COASTER LPG LWB,LPG,4104,LIGHT BUS,5.29,19,2018,10,2018
Public Light Bus,TOYOTA,COASTER MANUAL DIESEL LWB,Diesel,4009,LIGHT BUS,5.29,19,2017,10,2018
Public Light Bus,TOYOTA,COASTER LPG LWB,LPG,4104,LIGHT BUS,5.29,19,2018,10,2018
Public Light Bus,TOYOTA,COASTER LPG LWB,LPG,4104,LIGHT BUS,5.29,19,2018,10,2018
Public Light Bus,TOYOTA,COASTER LPG LWB,LPG,4104,LIGHT BUS,5.29,19,2018,10,2018
Public Light Bus,GMI,GEMINI,Diesel,2800,LIGHT BUS,7,19,2018,10,2018
Public Light Bus,TOYOTA,COASTER LPG LWB,LPG,4104,LIGHT BUS,5.29,19,2018,10,2018
Public Light Bus,TOYOTA,COASTER LPG LWB,LPG,4104,LIGHT BUS,5.29,17,2018,10,2018
Public Light Bus,TOYOTA,COASTER LPG LWB,LPG,4104,LIGHT BUS,5.29,19,2018,10,2018
Public Light Bus,TOYOTA,COASTER LPG LWB,LPG,4104,LIGHT BUS,5.29,19,2018,10,2018
Public Light Bus,TOYOTA,COASTER LPG LWB,LPG,4104,LIGHT BUS,5.29,17,2018,10,2018
Public Light Bus,TOYOTA,COASTER LPG LWB,LPG,4104,LIGHT BUS,5.29,19,2018,10,2018
Public Light Bus,TOYOTA,COASTER LPG LWB,LPG,4104,LIGHT BUS,5.29,19,2018,10,2018
Public Light Bus,TOYOTA,COASTER LPG LWB,LPG,4104,LIGHT BUS,5.29,19,2018,10,2018
Public Light Bus,TOYOTA,COASTER LPG LWB,LPG,4104,LIGHT BUS,5.29,19,2018,10,2018
Public Light Bus,TOYOTA,COASTER LPG LWB,LPG,4104,LIGHT BUS,5.29,19,2018,10,2018
Public Light Bus,TOYOTA,COASTER LPG LWB,LPG,4104,LIGHT BUS,5.29,19,2018,10,2018
Public Light Bus,TOYOTA,COASTER LPG LWB,LPG,4104,LIGHT BUS,5.29,19,2018,10,2018
Public Light Bus,TOYOTA,COASTER AUTO DIESEL LWB,Diesel,4009,LIGHT BUS,5.4,19,2018,10,2018
Public Light Bus,TOYOTA,COASTER LPG LWB,LPG,4104,LIGHT BUS,5.29,19,2018,10,2018
Public Light Bus,TOYOTA,COASTER LPG LWB,LPG,4104,LIGHT BUS,5.29,19,2018,10,2018
Public Light Bus,TOYOTA,COASTER LPG LWB,LPG,4104,LIGHT BUS,5.29,19,2018,10,2018
Public Light Bus,TOYOTA,COASTER LPG LWB,LPG,4104,LIGHT BUS,5.29,19,2018,10,2018
Public Light Bus,TOYOTA,COASTER LPG LWB,LPG,4104,LIGHT BUS,5.29,19,2018,10,2018
Public Light Bus,TOYOTA,COASTER LPG LWB,LPG,4104,LIGHT BUS,5.29,19,2018,10,2018
Public Light Bus,TOYOTA,COASTER AUTO DIESEL LWB,Diesel,4009,LIGHT BUS,5.4,19,2018,10,2018
Public Light Bus,TOYOTA,COASTER LPG LWB,LPG,4104,LIGHT BUS,5.29,19,2018,10,2018
Public Light Bus,TOYOTA,COASTER LPG LWB,LPG,4104,LIGHT BUS,5.29,19,2018,10,2018
Public Light Bus,TOYOTA,COASTER LPG LWB,LPG,4104,LIGHT BUS,5.29,19,2018,10,2018
Public Light Bus,TOYOTA,COASTER LPG LWB,LPG,4104,LIGHT BUS,5.29,19,2018,10,2018
Public Light Bus,TOYOTA,COASTER AUTO DIESEL LWB,Diesel,4009,LIGHT BUS,5.4,19,2018,10,2018
Public Light Bus,TOYOTA,COASTER LPG LWB,LPG,4104,LIGHT BUS,5.29,17,2018,10,2018
Public Light Bus,TOYOTA,COASTER AUTO DIESEL LWB,Diesel,4009,LIGHT BUS,5.4,19,2018,10,2018
Public Light Bus,TOYOTA,COASTER AUTO DIESEL LWB,Diesel,4009,LIGHT BUS,5.4,19,2018,10,2018
Public Light Bus,TOYOTA,COASTER LPG LWB,LPG,4104,LIGHT BUS,5.29,19,2018,10,2018
Public Light Bus,TOYOTA,COASTER LPG LWB,LPG,4104,LIGHT BUS,5.29,19,2018,10,2018
Public Light Bus,TOYOTA,COASTER LPG LWB,LPG,4104,LIGHT BUS,5.29,19,2018,10,2018
Public Light Bus,TOYOTA,COASTER LPG LWB,LPG,4104,LIGHT BUS,5.29,19,2018,10,2018
Public Light Bus,TOYOTA,COASTER AUTO DIESEL LWB,Diesel,4009,LIGHT BUS,5.4,19,2018,10,2018
Public Light Bus,TOYOTA,COASTER LPG LWB,LPG,4104,LIGHT BUS,5.29,19,2018,10,2018
Public Light Bus,TOYOTA,COASTER LPG LWB,LPG,4104,LIGHT BUS,5.29,19,2018,10,2018
Public Light Bus,TOYOTA,COASTER LPG LWB,LPG,4104,LIGHT BUS,5.29,19,2018,10,2018
Public Light Bus,TOYOTA,COASTER LPG LWB,LPG,4104,LIGHT BUS,5.29,19,2018,10,2018
Public Light Bus,GMI,GEMINI,Diesel,2776,LIGHT BUS,7,19,2018,10,2018
Private Light Bus,TOYOTA,COASTER MANUAL DIESEL LWB,Diesel,4009,LIGHT BUS,5.29,14,2018,10,2018
Private Light Bus,FORD,TRANSIT 2.0 AT LW,Diesel,1995,LIGHT BUS,3.37,12,2017,10,2018
Private Light Bus,TOYOTA,COASTER MANUAL DIESEL LWB,Diesel,4009,LIGHT BUS,5.29,19,2018,10,2018
Private Light Bus,TOYOTA,COASTER LPG LWB,LPG,4104,LIGHT BUS,5.29,16,2018,10,2018
Private Light Bus,TOYOTA,COASTER MANUAL DIESEL LWB,Diesel,4009,LIGHT BUS,5.29,19,2018,10,2018
Private Light Bus,MITSUBISHI FUSO,BE641GRMDA,Diesel,2998,LIGHT BUS,5.5,16,2017,10,2018
Private Light Bus,TOYOTA,COASTER LPG LWB,LPG,4104,LIGHT BUS,5.29,15,2018,10,2018
Private Light Bus,TOYOTA,COASTER LPG LWB,LPG,4104,LIGHT BUS,5.29,14,2017,10,2018
Private Light Bus,MITSUBISHI FUSO,BE641GRMDA,Diesel,2998,LIGHT BUS,5.5,19,2018,10,2018
Private Light Bus,TOYOTA,COASTER LPG LWB,LPG,4104,LIGHT BUS,5.29,14,2017,10,2018
Private Light Bus,TOYOTA,COASTER LPG LWB,LPG,4104,LIGHT BUS,5.29,19,2018,10,2018
Private Light Bus,TOYOTA,COASTER LPG LWB,LPG,4104,LIGHT BUS,5.29,16,2018,10,2018
Private Light Bus,TOYOTA,COASTER MANUAL DIESEL LWB,Diesel,4009,LIGHT BUS,5.29,19,2018,10,2018
Private Light Bus,TOYOTA,COASTER LPG LWB,LPG,4104,LIGHT BUS,5.29,14,2018,10,2018
Private Light Bus,TOYOTA,COASTER LPG LWB,LPG,4104,LIGHT BUS,5.29,14,2018,10,2018
Public Light Bus,TOYOTA,COASTER LPG LWB,LPG,4104,LIGHT BUS,5.29,19,2018,11,2018
Public Light Bus,TOYOTA,COASTER MANUAL DIESEL LWB,Diesel,4009,LIGHT BUS,5.29,19,2017,11,2018
Public Light Bus,TOYOTA,COASTER AUTO DIESEL LWB,Diesel,4009,LIGHT BUS,5.4,19,2018,11,2018
Public Light Bus,TOYOTA,COASTER LPG LWB,LPG,4104,LIGHT BUS,5.29,19,2018,11,2018
Public Light Bus,TOYOTA,COASTER AUTO DIESEL LWB,Diesel,4009,LIGHT BUS,5.4,19,2018,11,2018
Public Light Bus,GOLDEN DRAGON,XML6701J,Diesel,3800,LIGHT BUS,5.5,19,2018,11,2018
Public Light Bus,TOYOTA,COASTER LPG LWB,LPG,4104,LIGHT BUS,5.29,19,2018,11,2018
Public Light Bus,TOYOTA,COASTER LPG LWB,LPG,4104,LIGHT BUS,5.29,19,2018,11,2018
Public Light Bus,TOYOTA,COASTER LPG LWB,LPG,4104,LIGHT BUS,5.29,19,2018,11,2018
Public Light Bus,TOYOTA,COASTER MANUAL DIESEL LWB,Diesel,4009,LIGHT BUS,5.29,19,2017,11,2018
Public Light Bus,TOYOTA,COASTER MANUAL DIESEL LWB,Diesel,4009,LIGHT BUS,5.29,19,2017,11,2018
Public Light Bus,TOYOTA,COASTER LPG LWB,LPG,4104,LIGHT BUS,5.29,19,2018,11,2018
Public Light Bus,TOYOTA,COASTER LPG LWB,LPG,4104,LIGHT BUS,5.29,19,2018,11,2018
Public Light Bus,TOYOTA,COASTER LPG LWB,LPG,4104,LIGHT BUS,5.29,19,2018,11,2018
Public Light Bus,TOYOTA,COASTER LPG LWB,LPG,4104,LIGHT BUS,5.29,19,2018,11,2018
Public Light Bus,TOYOTA,COASTER LPG LWB,LPG,4104,LIGHT BUS,5.29,19,2018,11,2018
Public Light Bus,TOYOTA,COASTER LPG LWB,LPG,4104,LIGHT BUS,5.29,19,2018,11,2018
Public Light Bus,TOYOTA,COASTER AUTO DIESEL LWB,Diesel,4009,LIGHT BUS,5.4,19,2018,11,2018
Public Light Bus,TOYOTA,COASTER LPG LWB,LPG,4104,LIGHT BUS,5.29,19,2018,11,2018
Public Light Bus,TOYOTA,COASTER LPG LWB,LPG,4104,LIGHT BUS,5.29,19,2018,11,2018
Public Light Bus,TOYOTA,COASTER LPG LWB,LPG,4104,LIGHT BUS,5.29,19,2018,11,2018
Public Light Bus,MITSUBISHI FUSO,BE641GRMDA,Diesel,2998,LIGHT BUS,5.5,19,2017,11,2018
Public Light Bus,TOYOTA,COASTER LPG LWB,LPG,4104,LIGHT BUS,5.29,19,2018,11,2018
Public Light Bus,TOYOTA,COASTER LPG LWB,LPG,4104,LIGHT BUS,5.29,19,2018,11,2018
Public Light Bus,TOYOTA,COASTER LPG LWB,LPG,4104,LIGHT BUS,5.29,19,2018,11,2018
Public Light Bus,TOYOTA,COASTER LPG LWB,LPG,4104,LIGHT BUS,5.29,19,2018,11,2018
Public Light Bus,TOYOTA,COASTER LPG LWB,LPG,4104,LIGHT BUS,5.29,19,2018,11,2018
Public Light Bus,TOYOTA,COASTER LPG LWB,LPG,4104,LIGHT BUS,5.29,19,2018,11,2018
Public Light Bus,TOYOTA,COASTER LPG LWB,LPG,4104,LIGHT BUS,5.29,19,2018,11,2018
Public Light Bus,TOYOTA,COASTER LPG LWB,LPG,4104,LIGHT BUS,5.29,19,2018,11,2018
Public Light Bus,TOYOTA,COASTER LPG LWB,LPG,4104,LIGHT BUS,5.29,19,2018,11,2018
Public Light Bus,TOYOTA,COASTER LPG LWB,LPG,4104,LIGHT BUS,5.29,19,2018,11,2018
Public Light Bus,GMI,GEMINI,Diesel,2800,LIGHT BUS,7,19,2018,11,2018
Public Light Bus,TOYOTA,COASTER LPG LWB,LPG,4104,LIGHT BUS,5.29,19,2018,11,2018
Public Light Bus,TOYOTA,COASTER AUTO DIESEL LWB,Diesel,4009,LIGHT BUS,5.4,19,2018,11,2018
Public Light Bus,TOYOTA,COASTER LPG LWB,LPG,4104,LIGHT BUS,5.29,19,2018,11,2018
Public Light Bus,TOYOTA,COASTER AUTO DIESEL LWB,Diesel,4009,LIGHT BUS,5.29,19,2018,11,2018
Public Light Bus,GMI,GEMINI,Diesel,2800,LIGHT BUS,7,19,2018,11,2018
Public Light Bus,TOYOTA,COASTER AUTO DIESEL LWB,Diesel,4009,LIGHT BUS,5.4,19,2018,11,2018
Public Light Bus,TOYOTA,COASTER AUTO DIESEL LWB,Diesel,4009,LIGHT BUS,5.4,19,2018,11,2018
Public Light Bus,TOYOTA,COASTER LPG LWB,LPG,4104,LIGHT BUS,5.29,19,2018,11,2018
Private Light Bus,MITSUBISHI FUSO,BE641GRMDA,Diesel,2998,LIGHT BUS,5.5,12,2017,11,2018
Private Light Bus,TOYOTA,COASTER MANUAL DIESEL LWB,Diesel,4009,LIGHT BUS,5.29,19,2017,11,2018
Private Light Bus,TOYOTA,COASTER LPG LWB,LPG,4104,LIGHT BUS,5.29,14,2017,11,2018
Private Light Bus,TOYOTA,COASTER AUTO DIESEL LWB,Diesel,4009,LIGHT BUS,-,19,2018,11,2018
Private Light Bus,TOYOTA,COASTER LPG LWB,LPG,4104,LIGHT BUS,5.29,15,2017,11,2018
Private Light Bus,TOYOTA,COASTER LPG LWB,LPG,4104,LIGHT BUS,5.29,19,2018,11,2018
Private Light Bus,TOYOTA,COASTER MANUAL DIESEL LWB,Diesel,4009,LIGHT BUS,5.29,19,2018,11,2018
Private Light Bus,TOYOTA,COASTER LPG LWB,LPG,4104,LIGHT BUS,5.29,14,2017,11,2018
Private Light Bus,TOYOTA,COASTER LPG LWB,LPG,4104,LIGHT BUS,5.29,14,2017,11,2018
Private Light Bus,TOYOTA,COASTER MANUAL DIESEL LWB,Diesel,4009,LIGHT BUS,5.29,15,2018,11,2018
Private Light Bus,MITSUBISHI FUSO,BE641GRMDA,Diesel,2998,LIGHT BUS,5.5,12,2017,11,2018
Private Light Bus,TOYOTA,COASTER LPG LWB,LPG,4104,LIGHT BUS,5.29,14,2017,11,2018
Private Light Bus,TOYOTA,COASTER AUTO DIESEL LWB,Diesel,4009,LIGHT BUS,5.29,19,2018,11,2018
Private Light Bus,TOYOTA,COASTER LPG LWB,LPG,4104,LIGHT BUS,5.29,14,2018,11,2018
Private Light Bus,TOYOTA,COASTER LPG LWB,LPG,4104,LIGHT BUS,5.29,14,2017,11,2018
Private Light Bus,TOYOTA,COASTER LPG LWB,LPG,4104,LIGHT BUS,5.29,19,2018,11,2018
Private Light Bus,MITSUBISHI FUSO,BE641GRMDA,Diesel,2998,LIGHT BUS,5.5,13,2017,11,2018
Private Light Bus,TOYOTA,COASTER LPG LWB,LPG,4104,LIGHT BUS,5.29,14,2017,11,2018
Public Light Bus,TOYOTA,COASTER LPG LWB,LPG,4104,LIGHT BUS,5.29,19,2018,12,2018
Public Light Bus,TOYOTA,COASTER AUTO DIESEL LWB,Diesel,4009,LIGHT BUS,5.4,19,2018,12,2018
Public Light Bus,TOYOTA,COASTER LPG LWB,LPG,4104,LIGHT BUS,5.29,19,2018,12,2018
Public Light Bus,TOYOTA,COASTER LPG LWB,LPG,4104,LIGHT BUS,5.29,19,2018,12,2018
Public Light Bus,TOYOTA,COASTER LPG LWB,LPG,4104,LIGHT BUS,5.29,19,2018,12,2018
Public Light Bus,TOYOTA,COASTER AUTO DIESEL LWB,Diesel,4009,LIGHT BUS,5.4,19,2018,12,2018
Public Light Bus,TOYOTA,COASTER LPG LWB,LPG,4104,LIGHT BUS,5.29,19,2018,12,2018
Public Light Bus,TOYOTA,COASTER LPG LWB,LPG,4104,LIGHT BUS,5.29,19,2018,12,2018
Public Light Bus,GMI,GEMINI,Diesel,2800,LIGHT BUS,7,19,2018,12,2018
Public Light Bus,TOYOTA,COASTER LPG LWB,LPG,4104,LIGHT BUS,5.29,19,2018,12,2018
Public Light Bus,TOYOTA,COASTER LPG LWB,LPG,4104,LIGHT BUS,5.29,19,2018,12,2018
Public Light Bus,TOYOTA,COASTER LPG LWB,LPG,4104,LIGHT BUS,5.29,19,2018,12,2018
Public Light Bus,TOYOTA,COASTER MANUAL DIESEL LWB,Diesel,4009,LIGHT BUS,5.29,19,2017,12,2018
Public Light Bus,TOYOTA,COASTER AUTO DIESEL LWB,Diesel,4009,LIGHT BUS,5.4,19,2018,12,2018
Public Light Bus,TOYOTA,COASTER LPG LWB,LPG,4104,LIGHT BUS,5.29,19,2018,12,2018
Public Light Bus,TOYOTA,COASTER AUTO DIESEL LWB,Diesel,4009,LIGHT BUS,5.4,19,2018,12,2018
Public Light Bus,TOYOTA,COASTER LPG LWB,LPG,4104,LIGHT BUS,5.29,19,2018,12,2018
Public Light Bus,TOYOTA,COASTER LPG LWB,LPG,4104,LIGHT BUS,5.29,19,2018,12,2018
Public Light Bus,TOYOTA,COASTER MANUAL DIESEL LWB,Diesel,4009,LIGHT BUS,5.29,19,2017,12,2018
Public Light Bus,TOYOTA,COASTER LPG LWB,LPG,4104,LIGHT BUS,5.29,19,2018,12,2018
Public Light Bus,TOYOTA,COASTER LPG LWB,LPG,4104,LIGHT BUS,5.29,19,2018,12,2018
Public Light Bus,TOYOTA,COASTER AUTO DIESEL LWB,Diesel,4009,LIGHT BUS,5.4,19,2018,12,2018
Public Light Bus,TOYOTA,COASTER AUTO DIESEL LWB,Diesel,4009,LIGHT BUS,-,19,2018,12,2018
Public Light Bus,TOYOTA,COASTER MANUAL DIESEL LWB,Diesel,4009,LIGHT BUS,5.29,19,2017,12,2018
Public Light Bus,TOYOTA,COASTER MANUAL DIESEL LWB,Diesel,4009,LIGHT BUS,5.29,19,2017,12,2018
Public Light Bus,TOYOTA,COASTER LPG LWB,LPG,4104,LIGHT BUS,5.29,19,2018,12,2018
Public Light Bus,TOYOTA,COASTER LPG LWB,LPG,4104,LIGHT BUS,5.29,19,2018,12,2018
Public Light Bus,TOYOTA,COASTER LPG LWB,LPG,4104,LIGHT BUS,5.29,19,2018,12,2018
Public Light Bus,TOYOTA,COASTER LPG LWB,LPG,4104,LIGHT BUS,5.29,19,2018,12,2018
Public Light Bus,TOYOTA,COASTER LPG LWB,LPG,4104,LIGHT BUS,5.29,19,2018,12,2018
Public Light Bus,TOYOTA,COASTER MANUAL DIESEL LWB,Diesel,4009,LIGHT BUS,5.29,19,2017,12,2018
Public Light Bus,TOYOTA,COASTER LPG LWB,LPG,4104,LIGHT BUS,5.29,19,2018,12,2018
Public Light Bus,TOYOTA,COASTER LPG LWB,LPG,4104,LIGHT BUS,5.29,19,2018,12,2018
Public Light Bus,TOYOTA,COASTER LPG LWB,LPG,4104,LIGHT BUS,5.29,19,2018,12,2018
Public Light Bus,TOYOTA,COASTER LPG LWB,LPG,4104,LIGHT BUS,5.29,19,2018,12,2018
Private Light Bus,MITSUBISHI FUSO,BE641GRMDA,Diesel,2998,LIGHT BUS,5.5,14,2017,12,2018
Private Light Bus,TOYOTA,COASTER AUTO DIESEL LWB,Diesel,4009,LIGHT BUS,5.29,19,2018,12,2018
Private Light Bus,TOYOTA,COASTER LPG SWB,LPG,4104,LIGHT BUS,5.1,14,2017,12,2018
Private Light Bus,TOYOTA,COASTER MANUAL DIESEL LWB,Diesel,4009,LIGHT BUS,5.29,19,2018,12,2018
Private Light Bus,TOYOTA,COASTER MANUAL DIESEL LWB,Diesel,4009,LIGHT BUS,5.29,14,2018,12,2018
Private Light Bus,TOYOTA,COASTER AUTO DIESEL LWB,Diesel,4009,LIGHT BUS,5.29,19,2018,12,2018
Private Light Bus,TOYOTA,COASTER LPG LWB,LPG,4104,LIGHT BUS,5.29,14,2017,12,2018
Private Light Bus,TOYOTA,COASTER LPG LWB,LPG,4104,LIGHT BUS,5.29,14,2017,12,2018
Private Light Bus,TOYOTA,COASTER LPG LWB,LPG,4104,LIGHT BUS,5.29,12,2018,12,2018
Private Light Bus,TOYOTA,COASTER LPG SWB,LPG,4104,LIGHT BUS,5.1,14,2017,12,2018
Private Light Bus,TOYOTA,COASTER LPG LWB,LPG,4104,LIGHT BUS,5.29,14,2017,12,2018
Private Light Bus,TOYOTA,COASTER AUTO DIESEL LWB,Diesel,4009,LIGHT BUS,5.29,19,2018,12,2018
Private Light Bus,TOYOTA,COASTER LPG SWB,LPG,4104,LIGHT BUS,5.1,12,2017,12,2018
Private Light Bus,MITSUBISHI FUSO,BE641GRMDA,Diesel,2998,LIGHT BUS,5.5,16,2018,12,2018
Private Light Bus,TOYOTA,COASTER LPG LWB,LPG,4104,LIGHT BUS,5.29,12,2018,12,2018
Private Light Bus,TOYOTA,COASTER LPG LWB,LPG,4104,LIGHT BUS,5.29,19,2018,12,2018
Private Light Bus,TOYOTA,COASTER MANUAL DIESEL LWB,Diesel,4009,LIGHT BUS,5.29,16,2017,12,2018
Public Light Bus,TOYOTA,COASTER AUTO DIESEL LWB,Diesel,4009,LIGHT BUS,5.4,19,2018,1,2019
Public Light Bus,TOYOTA,COASTER LPG LWB,LPG,4104,LIGHT BUS,5.29,19,2018,1,2019
Public Light Bus,TOYOTA,COASTER MANUAL DIESEL LWB,Diesel,4009,LIGHT BUS,5.29,19,2017,1,2019
Public Light Bus,TOYOTA,COASTER AUTO DIESEL LWB,Diesel,4009,LIGHT BUS,5.4,19,2018,1,2019
Public Light Bus,TOYOTA,COASTER AUTO DIESEL LWB,Diesel,4009,LIGHT BUS,5.4,19,2018,1,2019
Public Light Bus,TOYOTA,COASTER LPG LWB,LPG,4104,LIGHT BUS,5.29,19,2018,1,2019
Public Light Bus,TOYOTA,COASTER AUTO DIESEL LWB,Diesel,4009,LIGHT BUS,5.4,19,2018,1,2019
Public Light Bus,TOYOTA,COASTER LPG LWB,LPG,4104,LIGHT BUS,5.29,19,2018,1,2019
Public Light Bus,TOYOTA,COASTER LPG LWB,LPG,4104,LIGHT BUS,5.29,19,2018,1,2019
Public Light Bus,TOYOTA,COASTER AUTO DIESEL LWB,Diesel,4009,LIGHT BUS,5.4,19,2018,1,2019
Public Light Bus,TOYOTA,COASTER LPG LWB,LPG,4104,LIGHT BUS,5.29,19,2018,1,2019
Public Light Bus,TOYOTA,COASTER LPG LWB,LPG,4104,LIGHT BUS,5.29,19,2018,1,2019
Public Light Bus,TOYOTA,COASTER AUTO DIESEL LWB,Diesel,4009,LIGHT BUS,5.4,19,2018,1,2019
Public Light Bus,TOYOTA,COASTER AUTO DIESEL LWB,Diesel,4009,LIGHT BUS,5.4,19,2018,1,2019
Public Light Bus,TOYOTA,COASTER AUTO DIESEL LWB,Diesel,4009,LIGHT BUS,5.4,19,2018,1,2019
Public Light Bus,TOYOTA,COASTER AUTO DIESEL LWB,Diesel,4009,LIGHT BUS,5.4,19,2018,1,2019
Public Light Bus,TOYOTA,COASTER LPG LWB,LPG,4104,LIGHT BUS,5.29,19,2018,1,2019
Public Light Bus,TOYOTA,COASTER LPG LWB,LPG,4104,LIGHT BUS,5.29,19,2018,1,2019
Public Light Bus,TOYOTA,COASTER AUTO DIESEL LWB,Diesel,4009,LIGHT BUS,5.4,19,2018,1,2019
Public Light Bus,TOYOTA,COASTER LPG LWB,LPG,4104,LIGHT BUS,5.29,19,2018,1,2019
Public Light Bus,TOYOTA,COASTER LPG LWB,LPG,4104,LIGHT BUS,5.29,19,2018,1,2019
Public Light Bus,TOYOTA,COASTER LPG LWB,LPG,4104,LIGHT BUS,5.29,19,2018,1,2019
Public Light Bus,TOYOTA,COASTER LPG LWB,LPG,4104,LIGHT BUS,5.29,19,2018,1,2019
Public Light Bus,TOYOTA,COASTER LPG LWB,LPG,4104,LIGHT BUS,5.29,19,2018,1,2019
Public Light Bus,TOYOTA,COASTER MANUAL DIESEL LWB,Diesel,4009,LIGHT BUS,5.29,19,2017,1,2019
Public Light Bus,TOYOTA,COASTER LPG LWB,LPG,4104,LIGHT BUS,5.29,19,2018,1,2019
Public Light Bus,TOYOTA,COASTER MANUAL DIESEL LWB,Diesel,4009,LIGHT BUS,5.29,19,2017,1,2019
Public Light Bus,TOYOTA,COASTER LPG LWB,LPG,4104,LIGHT BUS,5.24,19,2018,1,2019
Public Light Bus,TOYOTA,COASTER LPG LWB,LPG,4104,LIGHT BUS,5.29,19,2018,1,2019
Public Light Bus,TOYOTA,COASTER AUTO DIESEL LWB,Diesel,4009,LIGHT BUS,5.4,19,2018,1,2019
Public Light Bus,TOYOTA,COASTER LPG LWB,LPG,4104,LIGHT BUS,5.29,19,2018,1,2019
Public Light Bus,MITSUBISHI FUSO,BE641GRMDA,Diesel,2998,LIGHT BUS,5.5,19,2017,1,2019
Private Light Bus,TOYOTA,COASTER MANUAL DIESEL LWB,Diesel,4009,LIGHT BUS,5.29,19,2018,1,2019
Private Light Bus,TOYOTA,COASTER LPG LWB,LPG,4104,LIGHT BUS,5.29,11,2018,1,2019
Private Light Bus,MERCEDES BENZ,519BT,Diesel,2987,LIGHT BUS,5,10,2017,1,2019
Private Light Bus,TOYOTA,COASTER LPG LWB,LPG,4104,LIGHT BUS,5.29,12,2018,1,2019
Private Light Bus,TOYOTA,COASTER LPG LWB,LPG,4104,LIGHT BUS,5.29,11,2018,1,2019
Private Light Bus,TOYOTA,COASTER MANUAL DIESEL LWB,Diesel,4009,LIGHT BUS,5.29,19,2018,1,2019
Private Light Bus,TOYOTA,COASTER LPG LWB,LPG,4104,LIGHT BUS,5.29,12,2018,1,2019
Private Light Bus,TOYOTA,COASTER MANUAL DIESEL LWB,Diesel,4009,LIGHT BUS,5.29,19,2018,1,2019
Private Light Bus,TOYOTA,COASTER LPG LWB,LPG,4104,LIGHT BUS,5.29,11,2018,1,2019
Private Light Bus,MITSUBISHI FUSO,BE641GRMDA,Diesel,2998,LIGHT BUS,5.5,16,2017,1,2019
Private Light Bus,TOYOTA,COASTER LPG LWB,LPG,4104,LIGHT BUS,5.29,16,2018,1,2019
Private Light Bus,TOYOTA,COASTER AUTO DIESEL LWB,Diesel,4009,LIGHT BUS,5.29,19,2018,1,2019
Private Light Bus,TOYOTA,COASTER LPG LWB,LPG,4104,LIGHT BUS,5.29,11,2018,1,2019
Private Light Bus,TOYOTA,COASTER LPG LWB,LPG,4104,LIGHT BUS,5.29,11,2018,1,2019
Private Light Bus,TOYOTA,COASTER LPG LWB,LPG,4104,LIGHT BUS,5.29,12,2018,1,2019
Private Light Bus,TOYOTA,COASTER LPG LWB,LPG,4104,LIGHT BUS,5.29,11,2018,1,2019
Private Light Bus,TOYOTA,COASTER AUTO DIESEL LWB,Diesel,4009,LIGHT BUS,5.29,19,2018,1,2019
Private Light Bus,TOYOTA,COASTER LPG LWB,LPG,4104,LIGHT BUS,5.29,14,2017,1,2019
Public Light Bus,TOYOTA,COASTER LPG LWB,LPG,4104,LIGHT BUS,5.29,19,2018,2,2019
Public Light Bus,TOYOTA,COASTER AUTO DIESEL LWB,Diesel,4009,LIGHT BUS,5.4,19,2018,2,2019
Public Light Bus,TOYOTA,COASTER AUTO DIESEL LWB,Diesel,4009,LIGHT BUS,5.4,19,2018,2,2019
Public Light Bus,TOYOTA,COASTER LPG LWB,LPG,4104,LIGHT BUS,5.29,19,2019,2,2019
Public Light Bus,TOYOTA,COASTER LPG LWB,LPG,4104,LIGHT BUS,5.29,19,2019,2,2019
Public Light Bus,TOYOTA,COASTER AUTO DIESEL LWB,Diesel,4009,LIGHT BUS,5.4,19,2018,2,2019
Public Light Bus,TOYOTA,COASTER AUTO DIESEL LWB,Diesel,4009,LIGHT BUS,5.4,19,2018,2,2019
Public Light Bus,TOYOTA,COASTER LPG LWB,LPG,4104,LIGHT BUS,5.29,19,2018,2,2019
Public Light Bus,TOYOTA,COASTER AUTO DIESEL LWB,Diesel,4009,LIGHT BUS,5.4,19,2018,2,2019
Public Light Bus,TOYOTA,COASTER LPG LWB,LPG,4104,LIGHT BUS,5.29,19,2019,2,2019
Public Light Bus,TOYOTA,COASTER LPG LWB,LPG,4104,LIGHT BUS,5.29,19,2019,2,2019
Public Light Bus,TOYOTA,COASTER LPG LWB,LPG,4104,LIGHT BUS,5.29,19,2018,2,2019
Public Light Bus,TOYOTA,COASTER LPG LWB,LPG,4104,LIGHT BUS,5.29,19,2019,2,2019
Public Light Bus,TOYOTA,COASTER LPG LWB,LPG,4104,LIGHT BUS,5.29,19,2018,2,2019
Public Light Bus,TOYOTA,COASTER LPG LWB,LPG,4104,LIGHT BUS,5.29,19,2018,2,2019
Public Light Bus,TOYOTA,COASTER LPG LWB,LPG,4104,LIGHT BUS,5.29,19,2018,2,2019
Public Light Bus,TOYOTA,COASTER LPG LWB,LPG,4104,LIGHT BUS,5.29,19,2018,2,2019
Public Light Bus,TOYOTA,COASTER LPG LWB,LPG,4104,LIGHT BUS,5.29,19,2018,2,2019
Public Light Bus,TOYOTA,COASTER AUTO DIESEL LWB,Diesel,4009,LIGHT BUS,5.4,19,2018,2,2019
Public Light Bus,TOYOTA,COASTER MANUAL DIESEL LWB,Diesel,4009,LIGHT BUS,5.29,19,2017,2,2019
Public Light Bus,TOYOTA,COASTER AUTO DIESEL LWB,Diesel,4009,LIGHT BUS,5.4,19,2018,2,2019
Public Light Bus,TOYOTA,COASTER AUTO DIESEL LWB,Diesel,4009,LIGHT BUS,5.4,19,2018,2,2019
Public Light Bus,TOYOTA,COASTER LPG LWB,LPG,4104,LIGHT BUS,5.29,19,2018,2,2019
Public Light Bus,TOYOTA,COASTER AUTO DIESEL LWB,Diesel,4009,LIGHT BUS,5.4,19,2019,2,2019
Public Light Bus,TOYOTA,COASTER AUTO DIESEL LWB,Diesel,4009,LIGHT BUS,5.4,19,2018,2,2019
Public Light Bus,TOYOTA,COASTER AUTO DIESEL LWB,Diesel,4009,LIGHT BUS,5.4,19,2018,2,2019
Public Light Bus,TOYOTA,COASTER LPG LWB,LPG,4104,LIGHT BUS,5.29,19,2019,2,2019
Public Light Bus,TOYOTA,COASTER MANUAL DIESEL LWB,Diesel,4009,LIGHT BUS,5.29,19,2017,2,2019
Public Light Bus,TOYOTA,COASTER LPG LWB,LPG,4104,LIGHT BUS,5.29,19,2018,2,2019
Public Light Bus,TOYOTA,COASTER LPG LWB,LPG,4104,LIGHT BUS,5.29,19,2019,2,2019
Public Light Bus,TOYOTA,COASTER LPG LWB,LPG,4104,LIGHT BUS,5.29,19,2018,2,2019
Public Light Bus,TOYOTA,COASTER AUTO DIESEL LWB,Diesel,4009,LIGHT BUS,5.4,19,2018,2,2019
Public Light Bus,TOYOTA,COASTER AUTO DIESEL LWB,Diesel,4009,LIGHT BUS,5.4,19,2018,2,2019
Public Light Bus,TOYOTA,COASTER AUTO DIESEL LWB,Diesel,4009,LIGHT BUS,5.4,19,2018,2,2019
Private Light Bus,TOYOTA,COASTER LPG LWB,LPG,4104,LIGHT BUS,5.29,11,2018,2,2019
Private Light Bus,TOYOTA,COASTER LPG LWB,LPG,4104,LIGHT BUS,5.29,14,2018,2,2019
Private Light Bus,TOYOTA,COASTER LPG LWB,LPG,4104,LIGHT BUS,5.29,14,2018,2,2019
Private Light Bus,TOYOTA,COASTER LPG LWB,LPG,4104,LIGHT BUS,5.29,11,2018,2,2019
Private Light Bus,TOYOTA,COASTER LPG LWB,LPG,4104,LIGHT BUS,5.29,11,2018,2,2019
Private Light Bus,TOYOTA,COASTER LPG LWB,LPG,4104,LIGHT BUS,5.29,12,2018,2,2019
Private Light Bus,TOYOTA,COASTER LPG LWB,LPG,4104,LIGHT BUS,5.29,16,2018,2,2019
Private Light Bus,TOYOTA,COASTER LPG LWB,LPG,4104,LIGHT BUS,5.29,19,2018,2,2019
Private Light Bus,TOYOTA,COASTER LPG LWB,LPG,4104,LIGHT BUS,5.29,14,2018,2,2019
Private Light Bus,TOYOTA,COASTER MANUAL DIESEL LWB,Diesel,4009,LIGHT BUS,5.29,16,2018,2,2019
Private Light Bus,FORD,TRANSIT 2.0 AT LW,Diesel,1995,LIGHT BUS,3.37,12,2017,2,2019
Private Light Bus,TOYOTA,COASTER LPG LWB,LPG,4104,LIGHT BUS,5.29,11,2018,2,2019
Private Light Bus,TOYOTA,COASTER AUTO DIESEL LWB,Diesel,4009,LIGHT BUS,5.29,19,2018,2,2019
Private Light Bus,TOYOTA,COASTER LPG LWB,LPG,4104,LIGHT BUS,5.29,15,2017,2,2019
Private Light Bus,TOYOTA,COASTER LPG LWB,LPG,4104,LIGHT BUS,5.29,11,2018,2,2019
Private Light Bus,TOYOTA,COASTER LPG LWB,LPG,4104,LIGHT BUS,5.29,11,2018,2,2019
Private Light Bus,TOYOTA,COASTER LPG LWB,LPG,4104,LIGHT BUS,5.29,11,2018,2,2019
Private Light Bus,TOYOTA,COASTER LPG LWB,LPG,4104,LIGHT BUS,5.29,12,2018,2,2019
Private Light Bus,TOYOTA,COASTER LPG LWB,LPG,4104,LIGHT BUS,5.29,16,2018,2,2019
Private Light Bus,TOYOTA,COASTER LPG LWB,LPG,4104,LIGHT BUS,5.29,11,2018,2,2019
Private Light Bus,TOYOTA,COASTER LPG LWB,LPG,4104,LIGHT BUS,5.29,14,2018,2,2019
Public Light Bus,TOYOTA,COASTER MANUAL DIESEL LWB,Diesel,4009,LIGHT BUS,5.29,19,2017,3,2019
Public Light Bus,TOYOTA,COASTER LPG LWB,LPG,4104,LIGHT BUS,5.29,19,2019,3,2019
Public Light Bus,TOYOTA,COASTER LPG LWB,LPG,4104,LIGHT BUS,5.29,19,2019,3,2019
Public Light Bus,TOYOTA,COASTER LPG LWB,LPG,4104,LIGHT BUS,5.29,19,2019,3,2019
Public Light Bus,TOYOTA,COASTER LPG LWB,LPG,4104,LIGHT BUS,5.29,19,2018,3,2019
Public Light Bus,TOYOTA,COASTER LPG LWB,LPG,4104,LIGHT BUS,5.29,19,2019,3,2019
Public Light Bus,TOYOTA,COASTER LPG LWB,LPG,4104,LIGHT BUS,5.29,19,2019,3,2019
Public Light Bus,TOYOTA,COASTER LPG LWB,LPG,4104,LIGHT BUS,5.29,19,2019,3,2019
Public Light Bus,TOYOTA,COASTER LPG LWB,LPG,4104,LIGHT BUS,5.29,19,2018,3,2019
Public Light Bus,GOLDEN DRAGON,XML6701J,Diesel,3800,LIGHT BUS,5.5,19,2019,3,2019
Public Light Bus,TOYOTA,COASTER LPG LWB,LPG,4104,LIGHT BUS,5.29,19,2019,3,2019
Public Light Bus,TOYOTA,COASTER AUTO DIESEL LWB,Diesel,4009,LIGHT BUS,5.4,19,2019,3,2019
Public Light Bus,TOYOTA,COASTER LPG LWB,LPG,4104,LIGHT BUS,5.29,19,2018,3,2019
Public Light Bus,TOYOTA,COASTER LPG LWB,LPG,4104,LIGHT BUS,5.29,19,2018,3,2019
Public Light Bus,TOYOTA,COASTER MANUAL DIESEL LWB,Diesel,4009,LIGHT BUS,5.29,19,2017,3,2019
Public Light Bus,TOYOTA,COASTER LPG LWB,LPG,4104,LIGHT BUS,5.29,19,2019,3,2019
Public Light Bus,TOYOTA,COASTER LPG LWB,LPG,4104,LIGHT BUS,5.29,19,2018,3,2019
Public Light Bus,TOYOTA,COASTER LPG LWB,LPG,4104,LIGHT BUS,5.29,19,2019,3,2019
Public Light Bus,TOYOTA,COASTER LPG LWB,LPG,4104,LIGHT BUS,5.29,19,2019,3,2019
Public Light Bus,TOYOTA,COASTER AUTO DIESEL LWB,Diesel,4009,LIGHT BUS,5.4,19,2018,3,2019
Public Light Bus,TOYOTA,COASTER LPG LWB,LPG,4104,LIGHT BUS,5.29,19,2018,3,2019
Public Light Bus,TOYOTA,COASTER AUTO DIESEL LWB,Diesel,4009,LIGHT BUS,5.4,19,2018,3,2019
Public Light Bus,TOYOTA,COASTER LPG LWB,LPG,4104,LIGHT BUS,5.29,19,2019,3,2019
Public Light Bus,TOYOTA,COASTER AUTO DIESEL LWB,Diesel,4009,LIGHT BUS,5.4,19,2019,3,2019
Public Light Bus,TOYOTA,COASTER LPG LWB,LPG,4104,LIGHT BUS,5.29,19,2019,3,2019
Public Light Bus,TOYOTA,COASTER MANUAL DIESEL LWB,Diesel,4009,LIGHT BUS,5.29,19,2017,3,2019
Public Light Bus,TOYOTA,COASTER LPG LWB,LPG,4104,LIGHT BUS,5.29,19,2019,3,2019
Public Light Bus,TOYOTA,COASTER MANUAL DIESEL LWB,Diesel,4009,LIGHT BUS,5.29,19,2017,3,2019
Public Light Bus,TOYOTA,COASTER LPG LWB,LPG,4104,LIGHT BUS,5.29,19,2019,3,2019
Public Light Bus,TOYOTA,COASTER AUTO DIESEL LWB,Diesel,4009,LIGHT BUS,5.4,19,2019,3,2019
Public Light Bus,TOYOTA,COASTER AUTO DIESEL LWB,Diesel,4009,LIGHT BUS,5.4,19,2018,3,2019
Public Light Bus,TOYOTA,COASTER LPG LWB,LPG,4104,LIGHT BUS,5.29,19,2018,3,2019
Public Light Bus,TOYOTA,COASTER AUTO DIESEL LWB,Diesel,4009,LIGHT BUS,5.4,19,2018,3,2019
Public Light Bus,TOYOTA,COASTER LPG LWB,LPG,4104,LIGHT BUS,5.29,19,2018,3,2019
Public Light Bus,TOYOTA,COASTER LPG LWB,LPG,4104,LIGHT BUS,5.29,19,2018,3,2019
Public Light Bus,TOYOTA,COASTER LPG LWB,LPG,4104,LIGHT BUS,5.29,19,2018,3,2019
Public Light Bus,TOYOTA,COASTER LPG LWB,LPG,4104,LIGHT BUS,5.29,19,2019,3,2019
Public Light Bus,TOYOTA,COASTER AUTO DIESEL LWB,Diesel,4009,LIGHT BUS,5.4,19,2018,3,2019
Public Light Bus,TOYOTA,COASTER AUTO DIESEL LWB,Diesel,4009,LIGHT BUS,5.4,19,2019,3,2019
Public Light Bus,TOYOTA,COASTER LPG LWB,LPG,4104,LIGHT BUS,5.29,19,2019,3,2019
Public Light Bus,TOYOTA,COASTER LPG LWB,LPG,4104,LIGHT BUS,5.29,19,2019,3,2019
Public Light Bus,TOYOTA,COASTER LPG LWB,LPG,4104,LIGHT BUS,5.29,19,2018,3,2019
Public Light Bus,TOYOTA,COASTER LPG LWB,LPG,4104,LIGHT BUS,5.29,19,2019,3,2019
Private Light Bus,TOYOTA,COASTER LPG SWB,LPG,4104,LIGHT BUS,5.1,11,2017,3,2019
Private Light Bus,TOYOTA,COASTER LPG LWB,LPG,4104,LIGHT BUS,5.29,19,2018,3,2019
Private Light Bus,TOYOTA,COASTER LPG LWB,LPG,4104,LIGHT BUS,5.29,12,2018,3,2019
Private Light Bus,TOYOTA,COASTER LPG LWB,LPG,4104,LIGHT BUS,5.29,16,2018,3,2019
Private Light Bus,TOYOTA,COASTER AUTO DIESEL LWB,Diesel,4009,LIGHT BUS,5.29,19,2018,3,2019
Private Light Bus,TOYOTA,COASTER LPG LWB,LPG,4104,LIGHT BUS,5.29,11,2018,3,2019
Private Light Bus,TOYOTA,COASTER LPG LWB,LPG,4104,LIGHT BUS,5.29,11,2018,3,2019
Private Light Bus,TOYOTA,COASTER MANUAL DIESEL LWB,Diesel,4009,LIGHT BUS,5.29,16,2018,3,2019
Private Light Bus,TOYOTA,COASTER LPG LWB,LPG,4104,LIGHT BUS,5.29,16,2018,3,2019
Private Light Bus,TOYOTA,COASTER LPG LWB,LPG,4104,LIGHT BUS,5.29,14,2018,3,2019
Private Light Bus,TOYOTA,COASTER LPG LWB,LPG,4104,LIGHT BUS,5.29,15,2017,3,2019
Private Light Bus,TOYOTA,COASTER AUTO DIESEL LWB,Diesel,4009,LIGHT BUS,5.29,16,2018,3,2019
Private Light Bus,TOYOTA,COASTER MANUAL DIESEL LWB,Diesel,4009,LIGHT BUS,5.29,16,2018,3,2019
Private Light Bus,MITSUBISHI FUSO,BE641GRMDA,Diesel,2998,LIGHT BUS,5.5,13,2018,3,2019
Private Light Bus,TOYOTA,COASTER MANUAL DIESEL LWB,Diesel,4009,LIGHT BUS,5.29,16,2018,3,2019
Private Light Bus,TOYOTA,COASTER LPG LWB,LPG,4104,LIGHT BUS,5.29,11,2018,3,2019
Private Light Bus,TOYOTA,COASTER LPG LWB,LPG,4104,LIGHT BUS,5.29,16,2018,3,2019
Private Light Bus,TOYOTA,COASTER LPG LWB,LPG,4104,LIGHT BUS,5.29,11,2018,3,2019
Private Light Bus,TOYOTA,COASTER LPG LWB,LPG,4104,LIGHT BUS,5.29,16,2018,3,2019
Private Light Bus,TOYOTA,COASTER AUTO DIESEL LWB,Diesel,4009,LIGHT BUS,5.29,19,2019,3,2019
Private Light Bus,TOYOTA,COASTER LPG LWB,LPG,4104,LIGHT BUS,5.29,15,2018,3,2019
Private Light Bus,TOYOTA,COASTER LPG LWB,LPG,4104,LIGHT BUS,5.29,16,2018,3,2019
Private Light Bus,TOYOTA,COASTER MANUAL DIESEL LWB,Diesel,4009,LIGHT BUS,5.29,19,2019,3,2019
Private Light Bus,TOYOTA,COASTER LPG LWB,LPG,4104,LIGHT BUS,5.29,12,2018,4,2019
Private Light Bus,TOYOTA,COASTER MANUAL DIESEL LWB,Diesel,4009,LIGHT BUS,5.29,19,2019,4,2019
Private Light Bus,TOYOTA,COASTER MANUAL DIESEL LWB,Diesel,4009,LIGHT BUS,5.29,19,2019,4,2019
Private Light Bus,TOYOTA,COASTER LPG LWB,LPG,4104,LIGHT BUS,5.29,11,2018,4,2019
Private Light Bus,TOYOTA,COASTER LPG LWB,LPG,4104,LIGHT BUS,5.29,14,2018,4,2019
Private Light Bus,TOYOTA,COASTER LPG LWB,LPG,4104,LIGHT BUS,5.29,12,2018,4,2019
Private Light Bus,TOYOTA,COASTER MANUAL DIESEL LWB,Diesel,4009,LIGHT BUS,5.29,19,2019,4,2019
Private Light Bus,TOYOTA,COASTER LPG LWB,LPG,4104,LIGHT BUS,5.29,14,2017,4,2019
Private Light Bus,TOYOTA,COASTER LPG LWB,LPG,4104,LIGHT BUS,5.29,12,2018,4,2019
Private Light Bus,TOYOTA,COASTER LPG LWB,LPG,4104,LIGHT BUS,5.29,11,2018,4,2019
Private Light Bus,TOYOTA,COASTER LPG LWB,LPG,4104,LIGHT BUS,5.29,14,2017,4,2019
Private Light Bus,TOYOTA,COASTER LPG LWB,LPG,4104,LIGHT BUS,5.29,11,2018,4,2019
Private Light Bus,TOYOTA,COASTER LPG LWB,LPG,4104,LIGHT BUS,5.29,11,2018,4,2019
Private Light Bus,TOYOTA,COASTER LPG LWB,LPG,4104,LIGHT BUS,5.29,12,2018,4,2019
Private Light Bus,TOYOTA,COASTER LPG LWB,LPG,4104,LIGHT BUS,5.29,12,2018,4,2019
Private Light Bus,TOYOTA,COASTER MANUAL DIESEL LWB,Diesel,4009,LIGHT BUS,5.29,19,2019,4,2019
Private Light Bus,TOYOTA,COASTER MANUAL DIESEL LWB,Diesel,4009,LIGHT BUS,5.29,19,2019,4,2019
Public Light Bus,TOYOTA,COASTER LPG LWB,LPG,4104,LIGHT BUS,5.29,19,2019,4,2019
Public Light Bus,TOYOTA,COASTER LPG LWB,LPG,4104,LIGHT BUS,5.29,19,2019,4,2019
Public Light Bus,TOYOTA,COASTER LPG LWB,LPG,4104,LIGHT BUS,5.29,19,2019,4,2019
Public Light Bus,TOYOTA,COASTER LPG LWB,LPG,4104,LIGHT BUS,5.29,19,2019,4,2019
Public Light Bus,TOYOTA,COASTER AUTO DIESEL LWB,Diesel,4009,LIGHT BUS,5.4,19,2019,4,2019
Public Light Bus,TOYOTA,COASTER LPG LWB,LPG,4104,LIGHT BUS,5.29,19,2019,4,2019
Public Light Bus,TOYOTA,COASTER LPG LWB,LPG,4104,LIGHT BUS,5.29,19,2019,4,2019
Public Light Bus,TOYOTA,COASTER AUTO DIESEL LWB,Diesel,4009,LIGHT BUS,5.4,19,2019,4,2019
Public Light Bus,TOYOTA,COASTER LPG LWB,LPG,4104,LIGHT BUS,5.29,19,2019,4,2019
Public Light Bus,TOYOTA,COASTER LPG LWB,LPG,4104,LIGHT BUS,5.29,19,2019,4,2019
Public Light Bus,TOYOTA,COASTER LPG LWB,LPG,4104,LIGHT BUS,5.29,19,2019,4,2019
Public Light Bus,TOYOTA,COASTER LPG LWB,LPG,4104,LIGHT BUS,5.29,19,2019,4,2019
Public Light Bus,TOYOTA,COASTER AUTO DIESEL LWB,Diesel,4009,LIGHT BUS,5.4,19,2019,4,2019
Public Light Bus,TOYOTA,COASTER LPG LWB,LPG,4104,LIGHT BUS,5.29,19,2019,4,2019
Public Light Bus,TOYOTA,COASTER LPG LWB,LPG,4104,LIGHT BUS,5.29,19,2019,4,2019
Public Light Bus,TOYOTA,COASTER AUTO DIESEL LWB,Diesel,4009,LIGHT BUS,5.4,19,2018,4,2019
Public Light Bus,TOYOTA,COASTER AUTO DIESEL LWB,Diesel,4009,LIGHT BUS,5.4,19,2018,4,2019
Public Light Bus,TOYOTA,COASTER AUTO DIESEL LWB,Diesel,4009,LIGHT BUS,5.4,19,2019,4,2019
Public Light Bus,TOYOTA,COASTER LPG LWB,LPG,4104,LIGHT BUS,-,19,2019,4,2019
Public Light Bus,TOYOTA,COASTER AUTO DIESEL LWB,Diesel,4009,LIGHT BUS,5.4,19,2019,4,2019
Public Light Bus,TOYOTA,COASTER LPG LWB,LPG,4104,LIGHT BUS,5.29,19,2019,4,2019
Public Light Bus,TOYOTA,COASTER LPG LWB,LPG,4104,LIGHT BUS,5.29,19,2019,4,2019
Public Light Bus,TOYOTA,COASTER LPG LWB,LPG,4104,LIGHT BUS,5.29,19,2018,4,2019
Public Light Bus,TOYOTA,COASTER LPG LWB,LPG,4104,LIGHT BUS,5.29,19,2019,4,2019
Public Light Bus,TOYOTA,COASTER LPG LWB,LPG,4104,LIGHT BUS,5.29,19,2019,4,2019
Public Light Bus,TOYOTA,COASTER AUTO DIESEL LWB,Diesel,4009,LIGHT BUS,5.4,19,2019,4,2019
Public Light Bus,TOYOTA,COASTER LPG LWB,LPG,4104,LIGHT BUS,5.29,19,2019,4,2019
Public Light Bus,TOYOTA,COASTER AUTO DIESEL LWB,Diesel,4009,LIGHT BUS,5.4,19,2019,4,2019
Public Light Bus,TOYOTA,COASTER LPG LWB,LPG,4104,LIGHT BUS,5.29,19,2019,4,2019
Public Light Bus,TOYOTA,COASTER AUTO DIESEL LWB,Diesel,4009,LIGHT BUS,5.4,19,2019,4,2019
Public Light Bus,TOYOTA,COASTER AUTO DIESEL LWB,Diesel,4009,LIGHT BUS,5.4,19,2019,4,2019
Public Light Bus,TOYOTA,COASTER LPG LWB,LPG,4104,LIGHT BUS,5.29,19,2018,4,2019
Public Light Bus,TOYOTA,COASTER LPG LWB,LPG,4104,LIGHT BUS,5.29,19,2019,4,2019
Public Light Bus,TOYOTA,COASTER LPG LWB,LPG,4104,LIGHT BUS,5.29,19,2019,4,2019
Public Light Bus,TOYOTA,COASTER LPG LWB,LPG,4104,LIGHT BUS,5.29,19,2019,4,2019
Public Light Bus,TOYOTA,COASTER LPG LWB,LPG,4104,LIGHT BUS,5.29,19,2018,4,2019
Public Light Bus,TOYOTA,COASTER LPG LWB,LPG,4104,LIGHT BUS,5.29,19,2019,4,2019
Public Light Bus,TOYOTA,COASTER LPG LWB,LPG,4104,LIGHT BUS,5.29,19,2019,4,2019
Public Light Bus,TOYOTA,COASTER LPG LWB,LPG,4104,LIGHT BUS,5.29,19,2018,4,2019
Public Light Bus,TOYOTA,COASTER AUTO DIESEL LWB,Diesel,4009,LIGHT BUS,5.4,19,2019,4,2019
Public Light Bus,TOYOTA,COASTER LPG LWB,LPG,4104,LIGHT BUS,5.29,19,2018,4,2019
Public Light Bus,TOYOTA,COASTER AUTO DIESEL LWB,Diesel,4009,LIGHT BUS,5.4,19,2019,4,2019
Public Light Bus,TOYOTA,COASTER LPG LWB,LPG,4104,LIGHT BUS,5.29,19,2019,4,2019
Public Light Bus,TOYOTA,COASTER MANUAL DIESEL LWB,Diesel,4009,LIGHT BUS,5.29,19,2017,4,2019
Public Light Bus,TOYOTA,COASTER LPG LWB,LPG,4104,LIGHT BUS,5.29,19,2018,4,2019
Public Light Bus,TOYOTA,COASTER LPG LWB,LPG,4104,LIGHT BUS,5.29,19,2019,4,2019
Public Light Bus,TOYOTA,COASTER LPG LWB,LPG,4104,LIGHT BUS,5.29,19,2019,4,2019
Public Light Bus,TOYOTA,COASTER LPG LWB,LPG,4104,LIGHT BUS,5.29,19,2019,4,2019
Public Light Bus,TOYOTA,COASTER LPG LWB,LPG,4104,LIGHT BUS,5.29,19,2019,4,2019
Public Light Bus,TOYOTA,COASTER LPG LWB,LPG,4104,LIGHT BUS,5.29,19,2019,4,2019
Public Light Bus,TOYOTA,COASTER LPG LWB,LPG,4104,LIGHT BUS,5.29,19,2019,4,2019
Public Light Bus,TOYOTA,COASTER LPG LWB,LPG,4104,LIGHT BUS,5.29,19,2019,4,2019
Public Light Bus,TOYOTA,COASTER LPG LWB,LPG,4104,LIGHT BUS,5.29,19,2019,6,2019
Public Light Bus,TOYOTA,COASTER LPG LWB,LPG,4104,LIGHT BUS,5.29,19,2019,6,2019
Public Light Bus,TOYOTA,COASTER MANUAL DIESEL LWB,Diesel,4009,LIGHT BUS,5.29,19,2017,6,2019
Public Light Bus,TOYOTA,COASTER LPG LWB,LPG,4104,LIGHT BUS,5.29,19,2019,6,2019
Public Light Bus,TOYOTA,COASTER AUTO DIESEL LWB,Diesel,4009,LIGHT BUS,5.4,19,2019,6,2019
Public Light Bus,TOYOTA,COASTER LPG LWB,LPG,4104,LIGHT BUS,5.29,19,2019,6,2019
Public Light Bus,TOYOTA,COASTER LPG LWB,LPG,4104,LIGHT BUS,5.29,19,2019,6,2019
Public Light Bus,TOYOTA,COASTER AUTO DIESEL LWB,Diesel,4009,LIGHT BUS,5.4,19,2019,6,2019
Public Light Bus,TOYOTA,COASTER LPG LWB,LPG,4104,LIGHT BUS,5.29,19,2019,6,2019
Public Light Bus,TOYOTA,COASTER LPG LWB,LPG,4104,LIGHT BUS,5.29,19,2019,6,2019
Public Light Bus,TOYOTA,COASTER AUTO DIESEL LWB,Diesel,4009,LIGHT BUS,5.4,19,2019,6,2019
Public Light Bus,TOYOTA,COASTER LPG LWB,LPG,4104,LIGHT BUS,5.29,19,2019,6,2019
Public Light Bus,TOYOTA,COASTER LPG LWB,LPG,4104,LIGHT BUS,5.29,19,2019,6,2019
Public Light Bus,TOYOTA,COASTER LPG LWB,LPG,4104,LIGHT BUS,5.29,19,2019,6,2019
Public Light Bus,TOYOTA,COASTER LPG LWB,LPG,4104,LIGHT BUS,5.29,19,2019,6,2019
Public Light Bus,TOYOTA,COASTER LPG LWB,LPG,4104,LIGHT BUS,5.29,19,2019,6,2019
Public Light Bus,TOYOTA,COASTER LPG LWB,LPG,4104,LIGHT BUS,5.29,19,2019,6,2019
Public Light Bus,TOYOTA,COASTER MANUAL DIESEL LWB,Diesel,4009,LIGHT BUS,5.29,19,2017,6,2019
Public Light Bus,TOYOTA,COASTER LPG LWB,LPG,4104,LIGHT BUS,5.29,19,2019,6,2019
Public Light Bus,TOYOTA,COASTER LPG LWB,LPG,4104,LIGHT BUS,5.29,19,2019,6,2019
Public Light Bus,TOYOTA,COASTER LPG LWB,LPG,4104,LIGHT BUS,5.29,19,2019,6,2019
Public Light Bus,TOYOTA,COASTER LPG LWB,LPG,4104,LIGHT BUS,5.29,19,2019,6,2019
Public Light Bus,TOYOTA,COASTER AUTO DIESEL LWB,Diesel,4009,LIGHT BUS,5.4,19,2019,6,2019
Public Light Bus,TOYOTA,COASTER LPG LWB,LPG,4104,LIGHT BUS,5.29,19,2019,6,2019
Public Light Bus,TOYOTA,COASTER LPG LWB,LPG,4104,LIGHT BUS,5.29,19,2019,6,2019
Public Light Bus,TOYOTA,COASTER AUTO DIESEL LWB,Diesel,4009,LIGHT BUS,5.4,19,2019,6,2019
Public Light Bus,TOYOTA,COASTER LPG LWB,LPG,4104,LIGHT BUS,5.29,19,2019,6,2019
Public Light Bus,TOYOTA,COASTER AUTO DIESEL LWB,Diesel,4009,LIGHT BUS,5.4,19,2019,6,2019
Public Light Bus,TOYOTA,COASTER LPG LWB,LPG,4104,LIGHT BUS,5.29,19,2019,6,2019
Public Light Bus,TOYOTA,COASTER LPG LWB,LPG,4104,LIGHT BUS,5.29,19,2019,6,2019
Public Light Bus,TOYOTA,COASTER LPG LWB,LPG,4104,LIGHT BUS,5.29,19,2019,6,2019
Public Light Bus,TOYOTA,COASTER AUTO DIESEL LWB,Diesel,4009,LIGHT BUS,5.4,19,2019,6,2019
Public Light Bus,TOYOTA,COASTER LPG LWB,LPG,4104,LIGHT BUS,5.29,19,2019,6,2019
Public Light Bus,TOYOTA,COASTER LPG LWB,LPG,4104,LIGHT BUS,5.29,19,2019,6,2019
Public Light Bus,TOYOTA,COASTER AUTO DIESEL LWB,Diesel,4009,LIGHT BUS,5.4,19,2019,6,2019
Public Light Bus,TOYOTA,COASTER AUTO DIESEL LWB,Diesel,4009,LIGHT BUS,5.4,19,2019,6,2019
Public Light Bus,TOYOTA,COASTER LPG LWB,LPG,4104,LIGHT BUS,5.29,19,2019,6,2019
Public Light Bus,TOYOTA,COASTER LPG LWB,LPG,4104,LIGHT BUS,5.29,19,2019,6,2019
Public Light Bus,TOYOTA,COASTER LPG LWB,LPG,4104,LIGHT BUS,5.29,19,2019,6,2019
Public Light Bus,TOYOTA,COASTER LPG LWB,LPG,4104,LIGHT BUS,5.29,19,2019,6,2019
Public Light Bus,TOYOTA,COASTER LPG LWB,LPG,4104,LIGHT BUS,5.29,19,2019,6,2019
Public Light Bus,TOYOTA,COASTER LPG LWB,LPG,4104,LIGHT BUS,5.29,19,2019,6,2019
Public Light Bus,TOYOTA,COASTER AUTO DIESEL LWB,Diesel,4009,LIGHT BUS,5.4,19,2019,6,2019
Private Light Bus,TOYOTA,COASTER LPG LWB,LPG,4104,LIGHT BUS,5.29,14,2018,6,2019
Private Light Bus,TOYOTA,COASTER AUTO DIESEL LWB,Diesel,4009,LIGHT BUS,5.29,19,2019,6,2019
Private Light Bus,TOYOTA,COASTER LPG LWB,LPG,4104,LIGHT BUS,5.29,14,2018,6,2019
Private Light Bus,TOYOTA,COASTER MANUAL DIESEL LWB,Diesel,4009,LIGHT BUS,5.29,19,2019,6,2019
Private Light Bus,TOYOTA,COASTER MANUAL DIESEL LWB,Diesel,4009,LIGHT BUS,5.29,16,2019,6,2019
Private Light Bus,TOYOTA,COASTER LPG LWB,LPG,4104,LIGHT BUS,5.29,14,2017,6,2019
Private Light Bus,TOYOTA,COASTER MANUAL DIESEL LWB,Diesel,4009,LIGHT BUS,5.29,14,2018,6,2019
Private Light Bus,TOYOTA,COASTER LPG LWB,LPG,4104,LIGHT BUS,5.29,16,2019,6,2019
Private Light Bus,TOYOTA,COASTER AUTO DIESEL LWB,Diesel,4009,LIGHT BUS,5.29,19,2019,6,2019
Private Light Bus,TOYOTA,COASTER MANUAL DIESEL LWB,Diesel,4009,LIGHT BUS,5.29,19,2019,6,2019
Private Light Bus,TOYOTA,COASTER AUTO DIESEL LWB,Diesel,4009,LIGHT BUS,5.29,19,2019,6,2019
Private Light Bus,TOYOTA,COASTER MANUAL DIESEL LWB,Diesel,4009,LIGHT BUS,5.29,19,2019,6,2019
Private Light Bus,TOYOTA,COASTER AUTO DIESEL LWB,Diesel,4009,LIGHT BUS,5.29,19,2019,6,2019
Public Light Bus,TOYOTA,COASTER LPG LWB,LPG,4104,LIGHT BUS,5.29,19,2019,7,2019
Public Light Bus,TOYOTA,COASTER LPG LWB,LPG,4104,LIGHT BUS,5.29,19,2019,7,2019
Public Light Bus,TOYOTA,COASTER LPG LWB,LPG,4104,LIGHT BUS,5.29,19,2019,7,2019
Public Light Bus,TOYOTA,COASTER LPG LWB,LPG,4104,LIGHT BUS,5.29,19,2019,7,2019
Public Light Bus,TOYOTA,COASTER AUTO DIESEL LWB,Diesel,4009,LIGHT BUS,5.4,19,2019,7,2019
Public Light Bus,TOYOTA,COASTER MANUAL DIESEL LWB,Diesel,4009,LIGHT BUS,5.29,19,2017,7,2019
Public Light Bus,TOYOTA,COASTER LPG LWB,LPG,4104,LIGHT BUS,5.29,19,2019,7,2019
Public Light Bus,TOYOTA,COASTER LPG LWB,LPG,4104,LIGHT BUS,5.29,19,2019,7,2019
Public Light Bus,TOYOTA,COASTER AUTO DIESEL LWB,Diesel,4009,LIGHT BUS,5.4,19,2018,7,2019
Public Light Bus,TOYOTA,COASTER LPG LWB,LPG,4104,LIGHT BUS,5.29,19,2019,7,2019
Public Light Bus,TOYOTA,COASTER LPG LWB,LPG,4104,LIGHT BUS,5.29,19,2019,7,2019
Public Light Bus,TOYOTA,COASTER LPG LWB,LPG,4104,LIGHT BUS,5.29,19,2019,7,2019
Public Light Bus,TOYOTA,COASTER LPG LWB,LPG,4104,LIGHT BUS,5.29,19,2019,7,2019
Public Light Bus,TOYOTA,COASTER LPG LWB,LPG,4104,LIGHT BUS,5.29,19,2019,7,2019
Public Light Bus,TOYOTA,COASTER LPG LWB,LPG,4104,LIGHT BUS,5.29,19,2019,7,2019
Public Light Bus,TOYOTA,COASTER AUTO DIESEL LWB,Diesel,4009,LIGHT BUS,5.4,19,2019,7,2019
Public Light Bus,TOYOTA,COASTER LPG LWB,LPG,4104,LIGHT BUS,5.29,19,2019,7,2019
Public Light Bus,TOYOTA,COASTER AUTO DIESEL LWB,Diesel,4009,LIGHT BUS,5.4,19,2019,7,2019
Public Light Bus,TOYOTA,COASTER LPG LWB,LPG,4104,LIGHT BUS,5.29,19,2019,7,2019
Public Light Bus,TOYOTA,COASTER LPG LWB,LPG,4104,LIGHT BUS,5.29,19,2019,7,2019
Public Light Bus,TOYOTA,COASTER LPG LWB,LPG,4104,LIGHT BUS,5.29,19,2019,7,2019
Public Light Bus,TOYOTA,COASTER LPG LWB,LPG,4104,LIGHT BUS,5.29,19,2019,7,2019
Public Light Bus,TOYOTA,COASTER LPG LWB,LPG,4104,LIGHT BUS,5.29,19,2019,7,2019
Public Light Bus,TOYOTA,COASTER AUTO DIESEL LWB,Diesel,4009,LIGHT BUS,5.4,19,2019,7,2019
Public Light Bus,TOYOTA,COASTER LPG LWB,LPG,4104,LIGHT BUS,5.29,19,2019,7,2019
Public Light Bus,TOYOTA,COASTER LPG LWB,LPG,4104,LIGHT BUS,5.29,19,2019,7,2019
Public Light Bus,TOYOTA,COASTER MANUAL DIESEL LWB,Diesel,4009,LIGHT BUS,5.29,19,2017,7,2019
Public Light Bus,TOYOTA,COASTER LPG LWB,LPG,4104,LIGHT BUS,5.29,19,2019,7,2019
Public Light Bus,TOYOTA,COASTER AUTO DIESEL LWB,Diesel,4009,LIGHT BUS,5.4,19,2019,7,2019
Public Light Bus,TOYOTA,COASTER AUTO DIESEL LWB,Diesel,4009,LIGHT BUS,5.4,19,2019,7,2019
Public Light Bus,TOYOTA,COASTER AUTO DIESEL LWB,Diesel,4009,LIGHT BUS,5.4,19,2019,7,2019
Public Light Bus,TOYOTA,COASTER AUTO DIESEL LWB,Diesel,4009,LIGHT BUS,5.4,19,2019,7,2019
Public Light Bus,TOYOTA,COASTER LPG LWB,LPG,4104,LIGHT BUS,5.29,19,2019,7,2019
Public Light Bus,TOYOTA,COASTER LPG LWB,LPG,4104,LIGHT BUS,5.29,19,2019,7,2019
Public Light Bus,TOYOTA,COASTER LPG LWB,LPG,4104,LIGHT BUS,5.29,19,2019,7,2019
Public Light Bus,TOYOTA,COASTER LPG LWB,LPG,4104,LIGHT BUS,5.29,19,2019,7,2019
Public Light Bus,TOYOTA,COASTER AUTO DIESEL LWB,Diesel,4009,LIGHT BUS,5.4,19,2019,7,2019
Public Light Bus,TOYOTA,COASTER AUTO DIESEL LWB,Diesel,4009,LIGHT BUS,5.4,19,2019,7,2019
Public Light Bus,TOYOTA,COASTER LPG LWB,LPG,4104,LIGHT BUS,5.29,19,2019,7,2019
Public Light Bus,TOYOTA,COASTER LPG LWB,LPG,4104,LIGHT BUS,5.29,19,2019,7,2019
Public Light Bus,TOYOTA,COASTER LPG LWB,LPG,4104,LIGHT BUS,5.29,19,2019,7,2019
Public Light Bus,TOYOTA,COASTER LPG LWB,LPG,4104,LIGHT BUS,5.29,19,2019,7,2019
Public Light Bus,TOYOTA,COASTER LPG LWB,LPG,4104,LIGHT BUS,5.29,19,2019,7,2019
Public Light Bus,TOYOTA,COASTER AUTO DIESEL LWB,Diesel,4009,LIGHT BUS,5.4,19,2019,7,2019
Public Light Bus,TOYOTA,COASTER AUTO DIESEL LWB,Diesel,4009,LIGHT BUS,5.4,19,2019,7,2019
Public Light Bus,TOYOTA,COASTER AUTO DIESEL LWB,Diesel,4009,LIGHT BUS,5.4,19,2019,7,2019
Public Light Bus,TOYOTA,COASTER AUTO DIESEL LWB,Diesel,4009,LIGHT BUS,5.4,19,2019,7,2019
Public Light Bus,TOYOTA,COASTER AUTO DIESEL LWB,Diesel,4009,LIGHT BUS,5.4,19,2019,7,2019
Private Light Bus,MITSUBISHI FUSO,BE641GRMDA,Diesel,2998,LIGHT BUS,5.5,13,2018,7,2019
Private Light Bus,TOYOTA,COASTER LPG LWB,LPG,4104,LIGHT BUS,5.29,11,2018,7,2019
Private Light Bus,TOYOTA,COASTER LPG LWB,LPG,4104,LIGHT BUS,5.29,12,2018,7,2019
Private Light Bus,TOYOTA,COASTER MANUAL DIESEL LWB,Diesel,4009,LIGHT BUS,5.29,19,2019,7,2019
Private Light Bus,TOYOTA,COASTER MANUAL DIESEL LWB,Diesel,4009,LIGHT BUS,5.29,19,2019,7,2019
Private Light Bus,TOYOTA,COASTER LPG LWB,LPG,4104,LIGHT BUS,5.29,12,2018,7,2019
Private Light Bus,TOYOTA,COASTER LPG LWB,LPG,4104,LIGHT BUS,5.29,11,2018,7,2019
Private Light Bus,TOYOTA,COASTER LPG LWB,LPG,4104,LIGHT BUS,5.29,11,2018,7,2019
Private Light Bus,TOYOTA,COASTER LPG LWB,LPG,4104,LIGHT BUS,5.29,19,2019,7,2019
Private Light Bus,TOYOTA,COASTER AUTO DIESEL LWB,Diesel,4009,LIGHT BUS,5.29,19,2019,7,2019
Private Light Bus,TOYOTA,COASTER AUTO DIESEL LWB,Diesel,4009,LIGHT BUS,5.29,19,2019,7,2019
Private Light Bus,TOYOTA,COASTER MANUAL DIESEL LWB,Diesel,4009,LIGHT BUS,5.29,19,2019,7,2019
Private Light Bus,TOYOTA,COASTER AUTO DIESEL LWB,Diesel,4009,LIGHT BUS,5.29,19,2018,7,2019
Private Light Bus,TOYOTA,COASTER LPG LWB,LPG,4104,LIGHT BUS,5.29,12,2018,7,2019
Private Light Bus,TOYOTA,COASTER AUTO DIESEL LWB,Diesel,4009,LIGHT BUS,5.29,19,2019,7,2019
Private Light Bus,TOYOTA,COASTER MANUAL DIESEL LWB,Diesel,4009,LIGHT BUS,5.29,19,2019,7,2019
Private Light Bus,TOYOTA,COASTER LPG LWB,LPG,4104,LIGHT BUS,5.29,19,2018,7,2019
Private Light Bus,TOYOTA,COASTER LPG LWB,LPG,4104,LIGHT BUS,5.29,11,2018,7,2019
Private Light Bus,TOYOTA,COASTER LPG LWB,LPG,4104,LIGHT BUS,5.29,12,2018,7,2019
Private Light Bus,TOYOTA,COASTER MANUAL DIESEL LWB,Diesel,4009,LIGHT BUS,5.29,19,2019,7,2019
Private Light Bus,TOYOTA,COASTER LPG LWB,LPG,4104,LIGHT BUS,5.29,11,2018,7,2019
Private Light Bus,TOYOTA,COASTER LPG LWB,LPG,4104,LIGHT BUS,5.29,15,2017,7,2019
Private Light Bus,TOYOTA,COASTER MANUAL DIESEL LWB,Diesel,4009,LIGHT BUS,5.29,19,2019,7,2019
Private Light Bus,TOYOTA,COASTER LPG LWB,LPG,4104,LIGHT BUS,5.29,13,2018,7,2019
Private Light Bus,TOYOTA,COASTER LPG LWB,LPG,4104,LIGHT BUS,5.29,19,2018,7,2019
Private Light Bus,MITSUBISHI FUSO,BE641GRMDA,Diesel,2998,LIGHT BUS,5.5,15,2018,7,2019
Public Light Bus,TOYOTA,COASTER LPG LWB,LPG,4104,LIGHT BUS,5.29,19,2019,8,2019
Public Light Bus,TOYOTA,COASTER AUTO DIESEL LWB,Diesel,4009,LIGHT BUS,5.4,19,2019,8,2019
Public Light Bus,TOYOTA,COASTER LPG LWB,LPG,4104,LIGHT BUS,5.29,19,2019,8,2019
Public Light Bus,TOYOTA,COASTER AUTO DIESEL LWB,Diesel,4009,LIGHT BUS,5.4,19,2019,8,2019
Public Light Bus,TOYOTA,COASTER AUTO DIESEL LWB,Diesel,4009,LIGHT BUS,5.4,19,2019,8,2019
Public Light Bus,TOYOTA,COASTER LPG LWB,LPG,4104,LIGHT BUS,5.29,19,2019,8,2019
Public Light Bus,TOYOTA,COASTER AUTO DIESEL LWB,Diesel,4009,LIGHT BUS,5.4,19,2019,8,2019
Public Light Bus,TOYOTA,COASTER AUTO DIESEL LWB,Diesel,4009,LIGHT BUS,5.4,19,2019,8,2019
Public Light Bus,TOYOTA,COASTER AUTO DIESEL LWB,Diesel,4009,LIGHT BUS,5.4,19,2019,8,2019
Public Light Bus,TOYOTA,COASTER AUTO DIESEL LWB,Diesel,4009,LIGHT BUS,5.4,19,2019,8,2019
Public Light Bus,TOYOTA,COASTER LPG LWB,LPG,4104,LIGHT BUS,5.29,19,2019,8,2019
Public Light Bus,TOYOTA,COASTER MANUAL DIESEL LWB,Diesel,4009,LIGHT BUS,5.29,19,2017,8,2019
Public Light Bus,TOYOTA,COASTER AUTO DIESEL LWB,Diesel,4009,LIGHT BUS,5.4,19,2019,8,2019
Public Light Bus,TOYOTA,COASTER LPG LWB,LPG,4104,LIGHT BUS,5.29,19,2019,8,2019
Public Light Bus,TOYOTA,COASTER LPG LWB,LPG,4104,LIGHT BUS,5.29,19,2019,8,2019
Public Light Bus,TOYOTA,COASTER MANUAL DIESEL LWB,Diesel,4009,LIGHT BUS,5.29,19,2017,8,2019
Public Light Bus,TOYOTA,COASTER LPG LWB,LPG,4104,LIGHT BUS,5.29,19,2019,8,2019
Public Light Bus,TOYOTA,COASTER LPG LWB,LPG,4104,LIGHT BUS,5.29,19,2019,8,2019
Public Light Bus,TOYOTA,COASTER LPG LWB,LPG,4104,LIGHT BUS,5.29,19,2019,8,2019
Public Light Bus,TOYOTA,COASTER LPG LWB,LPG,4104,LIGHT BUS,5.29,19,2019,8,2019
Public Light Bus,TOYOTA,COASTER AUTO DIESEL LWB,Diesel,4009,LIGHT BUS,5.4,19,2019,8,2019
Public Light Bus,TOYOTA,COASTER MANUAL DIESEL LWB,Diesel,4009,LIGHT BUS,5.29,19,2017,8,2019
Public Light Bus,TOYOTA,COASTER LPG LWB,LPG,4104,LIGHT BUS,5.29,19,2019,8,2019
Public Light Bus,TOYOTA,COASTER LPG LWB,LPG,4104,LIGHT BUS,5.29,19,2019,8,2019
Public Light Bus,TOYOTA,COASTER LPG LWB,LPG,4104,LIGHT BUS,5.29,19,2019,8,2019
Public Light Bus,TOYOTA,COASTER LPG LWB,LPG,4104,LIGHT BUS,5.29,19,2019,8,2019
Public Light Bus,TOYOTA,COASTER LPG LWB,LPG,4104,LIGHT BUS,5.29,19,2019,8,2019
Public Light Bus,TOYOTA,COASTER LPG LWB,LPG,4104,LIGHT BUS,5.29,19,2019,8,2019
Public Light Bus,TOYOTA,COASTER AUTO DIESEL LWB,Diesel,4009,LIGHT BUS,5.4,19,2019,8,2019
Public Light Bus,TOYOTA,COASTER LPG LWB,LPG,4104,LIGHT BUS,5.29,19,2019,8,2019
Public Light Bus,TOYOTA,COASTER LPG LWB,LPG,4104,LIGHT BUS,5.29,19,2019,8,2019
Public Light Bus,TOYOTA,COASTER LPG LWB,LPG,4104,LIGHT BUS,5.29,19,2019,8,2019
Public Light Bus,TOYOTA,COASTER LPG LWB,LPG,4104,LIGHT BUS,5.29,19,2019,8,2019
Public Light Bus,TOYOTA,COASTER AUTO DIESEL LWB,Diesel,4009,LIGHT BUS,5.4,19,2019,8,2019
Public Light Bus,TOYOTA,COASTER MANUAL DIESEL LWB,Diesel,4009,LIGHT BUS,5.29,19,2017,8,2019
Public Light Bus,TOYOTA,COASTER LPG LWB,LPG,4104,LIGHT BUS,5.29,19,2019,8,2019
Public Light Bus,TOYOTA,COASTER LPG LWB,LPG,4104,LIGHT BUS,5.29,19,2019,8,2019
Public Light Bus,TOYOTA,COASTER AUTO DIESEL LWB,Diesel,4009,LIGHT BUS,5.4,19,2019,8,2019
Private Light Bus,TOYOTA,COASTER MANUAL DIESEL LWB,Diesel,4009,LIGHT BUS,5.29,19,2019,8,2019
Private Light Bus,TOYOTA,COASTER MANUAL DIESEL LWB,Diesel,4009,LIGHT BUS,5.29,19,2019,8,2019
Private Light Bus,TOYOTA,COASTER MANUAL DIESEL LWB,Diesel,4009,LIGHT BUS,5.29,19,2019,8,2019
Private Light Bus,TOYOTA,COASTER AUTO DIESEL LWB,Diesel,4009,LIGHT BUS,5.29,19,2019,8,2019
Private Light Bus,TOYOTA,COASTER MANUAL DIESEL LWB,Diesel,4009,LIGHT BUS,5.29,19,2017,8,2019
Private Light Bus,TOYOTA,COASTER MANUAL DIESEL LWB,Diesel,4009,LIGHT BUS,5.29,19,2019,8,2019
Private Light Bus,TOYOTA,COASTER MANUAL DIESEL LWB,Diesel,4009,LIGHT BUS,5.29,19,2019,8,2019
Private Light Bus,MITSUBISHI FUSO,BE641GRMDA,Diesel,2998,LIGHT BUS,5.5,19,2018,8,2019
Private Light Bus,TOYOTA,COASTER LPG LWB,LPG,4104,LIGHT BUS,5.29,15,2019,8,2019
Private Light Bus,TOYOTA,COASTER LPG LWB,LPG,4104,LIGHT BUS,5.29,19,2019,8,2019
Private Light Bus,TOYOTA,COASTER MANUAL DIESEL LWB,Diesel,4009,LIGHT BUS,5.29,19,2019,8,2019
Private Light Bus,TOYOTA,COASTER MANUAL DIESEL LWB,Diesel,4009,LIGHT BUS,5.29,19,2019,8,2019
Private Light Bus,TOYOTA,COASTER MANUAL DIESEL LWB,Diesel,4009,LIGHT BUS,5.29,19,2019,8,2019
Private Light Bus,TOYOTA,COASTER MANUAL DIESEL LWB,Diesel,4009,LIGHT BUS,5.29,19,2019,8,2019
Private Light Bus,TOYOTA,COASTER AUTO DIESEL LWB,Diesel,4009,LIGHT BUS,5.29,19,2019,8,2019
Private Light Bus,TOYOTA,COASTER MANUAL DIESEL LWB,Diesel,4009,LIGHT BUS,5.29,19,2019,8,2019
Private Light Bus,MITSUBISHI FUSO,BE641GRMDA,Diesel,2998,LIGHT BUS,5.5,15,2018,8,2019
Private Light Bus,TOYOTA,COASTER LPG LWB,LPG,4104,LIGHT BUS,5.29,15,2019,8,2019
Private Light Bus,TOYOTA,COASTER MANUAL DIESEL LWB,Diesel,4009,LIGHT BUS,5.29,19,2017,8,2019
Private Light Bus,TOYOTA,COASTER LPG LWB,LPG,4104,LIGHT BUS,5.29,19,2019,8,2019
Private Light Bus,TOYOTA,COASTER MANUAL DIESEL LWB,Diesel,4009,LIGHT BUS,5.29,19,2019,8,2019
Private Light Bus,TOYOTA,COASTER MANUAL DIESEL LWB,Diesel,4009,LIGHT BUS,5.29,19,2019,8,2019
Private Light Bus,MITSUBISHI FUSO,BE641GRMDA,Diesel,2998,LIGHT BUS,5.5,19,2018,8,2019
Private Light Bus,TOYOTA,COASTER AUTO DIESEL LWB,Diesel,4009,LIGHT BUS,5.29,19,2019,8,2019
Private Light Bus,TOYOTA,COASTER MANUAL DIESEL LWB,Diesel,4009,LIGHT BUS,5.29,19,2019,8,2019
Private Light Bus,TOYOTA,COASTER AUTO DIESEL LWB,Diesel,4009,LIGHT BUS,5.29,19,2019,8,2019
Private Light Bus,TOYOTA,COASTER AUTO DIESEL LWB,Diesel,4009,LIGHT BUS,5.29,19,2019,8,2019
Private Light Bus,TOYOTA,COASTER AUTO DIESEL LWB,Diesel,4009,LIGHT BUS,5.29,19,2019,8,2019
Private Light Bus,TOYOTA,COASTER AUTO DIESEL LWB,Diesel,4009,LIGHT BUS,5.29,19,2019,8,2019
Private Light Bus,TOYOTA,COASTER MANUAL DIESEL LWB,Diesel,4009,LIGHT BUS,5.29,19,2019,8,2019
Private Light Bus,TOYOTA,COASTER MANUAL DIESEL LWB,Diesel,4009,LIGHT BUS,5.29,19,2019,8,2019
Private Light Bus,TOYOTA,COASTER AUTO DIESEL LWB,Diesel,4009,LIGHT BUS,5.29,19,2019,8,2019
Private Light Bus,MITSUBISHI FUSO,BE641GRMDA,Diesel,2998,LIGHT BUS,5.5,19,2018,8,2019
Private Light Bus,TOYOTA,COASTER MANUAL DIESEL LWB,Diesel,4009,LIGHT BUS,5.29,19,2019,8,2019
Private Light Bus,TOYOTA,COASTER MANUAL DIESEL LWB,Diesel,4009,LIGHT BUS,5.29,19,2019,8,2019
Private Light Bus,TOYOTA,COASTER MANUAL DIESEL LWB,Diesel,4009,LIGHT BUS,5.29,19,2019,8,2019
Private Light Bus,TOYOTA,COASTER MANUAL DIESEL LWB,Diesel,4009,LIGHT BUS,5.29,19,2019,8,2019
Private Light Bus,TOYOTA,COASTER MANUAL DIESEL LWB,Diesel,4009,LIGHT BUS,5.29,19,2019,8,2019
Private Light Bus,TOYOTA,COASTER MANUAL DIESEL LWB,Diesel,4009,LIGHT BUS,5.29,19,2019,8,2019
Private Light Bus,TOYOTA,COASTER MANUAL DIESEL LWB,Diesel,4009,LIGHT BUS,5.29,19,2019,8,2019
Private Light Bus,TOYOTA,COASTER MANUAL DIESEL LWB,Diesel,4009,LIGHT BUS,5.29,19,2019,8,2019
Private Light Bus,TOYOTA,COASTER MANUAL DIESEL LWB,Diesel,4009,LIGHT BUS,5.29,19,2019,8,2019
Private Light Bus,TOYOTA,COASTER MANUAL DIESEL LWB,Diesel,4009,LIGHT BUS,5.29,19,2019,8,2019
Private Light Bus,TOYOTA,COASTER AUTO DIESEL LWB,Diesel,4009,LIGHT BUS,5.29,19,2019,8,2019
Private Light Bus,TOYOTA,COASTER AUTO DIESEL LWB,Diesel,4009,LIGHT BUS,5.29,19,2019,8,2019
Private Light Bus,TOYOTA,COASTER MANUAL DIESEL LWB,Diesel,4009,LIGHT BUS,5.29,19,2019,8,2019
Private Light Bus,MITSUBISHI FUSO,BE641GRMDA,Diesel,2998,LIGHT BUS,5.5,19,2018,8,2019
Private Light Bus,TOYOTA,COASTER MANUAL DIESEL LWB,Diesel,4009,LIGHT BUS,5.29,19,2019,8,2019
Private Light Bus,TOYOTA,COASTER MANUAL DIESEL LWB,Diesel,4009,LIGHT BUS,5.29,19,2019,8,2019
Private Light Bus,TOYOTA,COASTER MANUAL DIESEL LWB,Diesel,4009,LIGHT BUS,5.29,19,2019,8,2019
Private Light Bus,TOYOTA,COASTER MANUAL DIESEL LWB,Diesel,4009,LIGHT BUS,5.29,19,2019,8,2019
Private Light Bus,TOYOTA,COASTER AUTO DIESEL LWB,Diesel,4009,LIGHT BUS,5.29,19,2019,8,2019
Private Light Bus,TOYOTA,COASTER MANUAL DIESEL LWB,Diesel,4009,LIGHT BUS,5.29,19,2019,8,2019
Private Light Bus,TOYOTA,COASTER MANUAL DIESEL LWB,Diesel,4009,LIGHT BUS,5.29,19,2019,8,2019
Private Light Bus,TOYOTA,COASTER AUTO DIESEL LWB,Diesel,4009,LIGHT BUS,5.29,19,2019,8,2019
Private Light Bus,TOYOTA,COASTER MANUAL DIESEL LWB,Diesel,4009,LIGHT BUS,5.29,19,2019,8,2019
Private Light Bus,TOYOTA,COASTER LPG LWB,LPG,4104,LIGHT BUS,5.29,15,2019,8,2019
Private Light Bus,TOYOTA,COASTER AUTO DIESEL LWB,Diesel,4009,LIGHT BUS,5.29,19,2019,8,2019
Private Light Bus,TOYOTA,COASTER AUTO DIESEL LWB,Diesel,4009,LIGHT BUS,5.29,19,2019,8,2019
Private Light Bus,TOYOTA,COASTER AUTO DIESEL LWB,Diesel,4009,LIGHT BUS,5.29,15,2018,8,2019
Private Light Bus,TOYOTA,COASTER LPG LWB,LPG,4104,LIGHT BUS,5.29,11,2018,8,2019
Private Light Bus,TOYOTA,COASTER MANUAL DIESEL LWB,Diesel,4009,LIGHT BUS,5.29,19,2019,8,2019
Private Light Bus,TOYOTA,COASTER LPG LWB,LPG,4104,LIGHT BUS,5.29,11,2018,8,2019
Private Light Bus,TOYOTA,COASTER MANUAL DIESEL LWB,Diesel,4009,LIGHT BUS,5.29,19,2019,8,2019
Private Light Bus,TOYOTA,COASTER MANUAL DIESEL LWB,Diesel,4009,LIGHT BUS,5.29,19,2019,8,2019
Private Light Bus,TOYOTA,COASTER MANUAL DIESEL LWB,Diesel,4009,LIGHT BUS,5.29,19,2019,8,2019
Private Light Bus,MITSUBISHI FUSO,BE641GRMDA,Diesel,2998,LIGHT BUS,5.5,15,2018,8,2019
Private Light Bus,TOYOTA,COASTER MANUAL DIESEL LWB,Diesel,4009,LIGHT BUS,5.29,19,2019,8,2019
Private Light Bus,TOYOTA,COASTER AUTO DIESEL LWB,Diesel,4009,LIGHT BUS,5.29,19,2019,8,2019
Private Light Bus,TOYOTA,COASTER AUTO DIESEL LWB,Diesel,4009,LIGHT BUS,5.29,19,2019,8,2019
Private Light Bus,TOYOTA,COASTER MANUAL DIESEL LWB,Diesel,4009,LIGHT BUS,5.29,19,2017,8,2019
Private Light Bus,TOYOTA,COASTER MANUAL DIESEL LWB,Diesel,4009,LIGHT BUS,5.29,19,2019,8,2019
Private Light Bus,TOYOTA,COASTER MANUAL DIESEL LWB,Diesel,4009,LIGHT BUS,5.29,19,2019,8,2019
Private Light Bus,TOYOTA,COASTER MANUAL DIESEL LWB,Diesel,4009,LIGHT BUS,5.29,19,2019,8,2019
Private Light Bus,MITSUBISHI FUSO,BE641GRMDA,Diesel,2998,LIGHT BUS,5.5,19,2018,8,2019
Private Light Bus,TOYOTA,COASTER MANUAL DIESEL LWB,Diesel,4009,LIGHT BUS,5.29,19,2019,8,2019
Private Light Bus,TOYOTA,COASTER LPG LWB,LPG,4104,LIGHT BUS,5.29,19,2019,8,2019
Private Light Bus,TOYOTA,COASTER MANUAL DIESEL LWB,Diesel,4009,LIGHT BUS,5.29,19,2019,8,2019
Private Light Bus,TOYOTA,COASTER MANUAL DIESEL LWB,Diesel,4009,LIGHT BUS,5.29,19,2019,8,2019
Private Light Bus,TOYOTA,COASTER MANUAL DIESEL LWB,Diesel,4009,LIGHT BUS,5.29,19,2017,8,2019
Private Light Bus,TOYOTA,COASTER MANUAL DIESEL LWB,Diesel,4009,LIGHT BUS,5.29,19,2019,8,2019
Private Light Bus,TOYOTA,COASTER MANUAL DIESEL LWB,Diesel,4009,LIGHT BUS,5.29,19,2019,8,2019
Private Light Bus,TOYOTA,COASTER MANUAL DIESEL LWB,Diesel,4009,LIGHT BUS,5.29,19,2019,8,2019
Private Light Bus,TOYOTA,COASTER MANUAL DIESEL LWB,Diesel,4009,LIGHT BUS,5.29,19,2019,8,2019
Private Light Bus,MITSUBISHI FUSO,BE641GRMDA,Diesel,2998,LIGHT BUS,5.5,16,2018,8,2019
Private Light Bus,TOYOTA,COASTER AUTO DIESEL LWB,Diesel,4009,LIGHT BUS,5.29,19,2019,8,2019
Private Light Bus,TOYOTA,COASTER AUTO DIESEL LWB,Diesel,4009,LIGHT BUS,5.29,19,2019,8,2019
Private Light Bus,TOYOTA,COASTER MANUAL DIESEL LWB,Diesel,4009,LIGHT BUS,5.29,19,2019,8,2019
Private Light Bus,TOYOTA,COASTER MANUAL DIESEL LWB,Diesel,4009,LIGHT BUS,5.29,19,2019,8,2019
Private Light Bus,TOYOTA,COASTER MANUAL DIESEL LWB,Diesel,4009,LIGHT BUS,5.29,19,2019,8,2019
Private Light Bus,TOYOTA,COASTER MANUAL DIESEL LWB,Diesel,4009,LIGHT BUS,5.29,19,2019,8,2019
Private Light Bus,TOYOTA,COASTER AUTO DIESEL LWB,Diesel,4009,LIGHT BUS,5.29,19,2019,8,2019
Public Light Bus,TOYOTA,COASTER LPG LWB,LPG,4104,LIGHT BUS,5.29,19,2019,9,2019
Public Light Bus,TOYOTA,COASTER MANUAL DIESEL LWB,Diesel,4009,LIGHT BUS,5.29,19,2017,9,2019
Public Light Bus,TOYOTA,COASTER LPG LWB,LPG,4104,LIGHT BUS,5.29,19,2019,9,2019
Public Light Bus,TOYOTA,COASTER AUTO DIESEL LWB,Diesel,4009,LIGHT BUS,5.4,19,2019,9,2019
Public Light Bus,TOYOTA,COASTER LPG LWB,LPG,4104,LIGHT BUS,5.29,19,2019,9,2019
Public Light Bus,TOYOTA,COASTER AUTO DIESEL LWB,Diesel,4009,LIGHT BUS,5.4,19,2019,9,2019
Public Light Bus,TOYOTA,COASTER LPG LWB,LPG,4104,LIGHT BUS,5.29,19,2019,9,2019
Public Light Bus,TOYOTA,COASTER AUTO DIESEL LWB,Diesel,4009,LIGHT BUS,5.4,19,2019,9,2019
Public Light Bus,TOYOTA,COASTER LPG LWB,LPG,4104,LIGHT BUS,5.29,19,2019,9,2019
Public Light Bus,TOYOTA,COASTER LPG LWB,LPG,4104,LIGHT BUS,5.29,19,2019,9,2019
Public Light Bus,TOYOTA,COASTER LPG LWB,LPG,4104,LIGHT BUS,5.29,19,2019,9,2019
Public Light Bus,TOYOTA,COASTER AUTO DIESEL LWB,Diesel,4009,LIGHT BUS,5.4,19,2019,9,2019
Public Light Bus,TOYOTA,COASTER AUTO DIESEL LWB,Diesel,4009,LIGHT BUS,5.4,19,2019,9,2019
Public Light Bus,TOYOTA,COASTER AUTO DIESEL LWB,Diesel,4009,LIGHT BUS,5.4,19,2019,9,2019
Public Light Bus,TOYOTA,COASTER LPG LWB,LPG,4104,LIGHT BUS,5.29,19,2019,9,2019
Public Light Bus,TOYOTA,COASTER LPG LWB,LPG,4104,LIGHT BUS,5.29,19,2019,9,2019
Public Light Bus,TOYOTA,COASTER AUTO DIESEL LWB,Diesel,4009,LIGHT BUS,5.4,19,2019,9,2019
Public Light Bus,TOYOTA,COASTER MANUAL DIESEL LWB,Diesel,4009,LIGHT BUS,5.29,19,2017,9,2019
Public Light Bus,TOYOTA,COASTER LPG LWB,LPG,4104,LIGHT BUS,5.29,19,2019,9,2019
Public Light Bus,TOYOTA,COASTER LPG LWB,LPG,4104,LIGHT BUS,5.29,19,2019,9,2019
Public Light Bus,TOYOTA,COASTER AUTO DIESEL LWB,Diesel,4009,LIGHT BUS,5.4,19,2019,9,2019
Public Light Bus,TOYOTA,COASTER LPG LWB,LPG,4104,LIGHT BUS,5.29,19,2019,9,2019
Public Light Bus,TOYOTA,COASTER AUTO DIESEL LWB,Diesel,4009,LIGHT BUS,5.4,19,2019,9,2019
Public Light Bus,TOYOTA,COASTER AUTO DIESEL LWB,Diesel,4009,LIGHT BUS,5.4,19,2019,9,2019
Private Light Bus,TOYOTA,COASTER MANUAL DIESEL LWB,Diesel,4009,LIGHT BUS,5.29,16,2019,9,2019
Private Light Bus,TOYOTA,COASTER MANUAL DIESEL LWB,Diesel,4009,LIGHT BUS,5.29,19,2019,9,2019
Private Light Bus,TOYOTA,COASTER MANUAL DIESEL LWB,Diesel,4009,LIGHT BUS,5.29,14,2019,9,2019
Private Light Bus,TOYOTA,COASTER MANUAL DIESEL LWB,Diesel,4009,LIGHT BUS,5.29,19,2019,9,2019
Private Light Bus,MITSUBISHI FUSO,BE641GRMDA,Diesel,2998,LIGHT BUS,5.5,19,2018,9,2019
Private Light Bus,TOYOTA,COASTER AUTO DIESEL LWB,Diesel,4009,LIGHT BUS,5.29,19,2019,9,2019
Private Light Bus,TOYOTA,COASTER LPG LWB,LPG,4104,LIGHT BUS,5.29,16,2019,9,2019
Private Light Bus,TOYOTA,COASTER MANUAL DIESEL LWB,Diesel,4009,LIGHT BUS,5.29,16,2019,9,2019
Private Light Bus,TOYOTA,COASTER LPG LWB,LPG,4104,LIGHT BUS,5.29,15,2019,9,2019
Private Light Bus,TOYOTA,COASTER LPG LWB,LPG,4104,LIGHT BUS,5.29,13,2018,9,2019
Private Light Bus,TOYOTA,COASTER LPG LWB,LPG,4104,LIGHT BUS,5.29,15,2019,9,2019
Public Light Bus,TOYOTA,COASTER LPG LWB,LPG,4104,LIGHT BUS,5.29,19,2019,10,2019
Public Light Bus,TOYOTA,COASTER AUTO DIESEL LWB,Diesel,4009,LIGHT BUS,5.4,19,2019,10,2019
Public Light Bus,TOYOTA,COASTER LPG LWB,LPG,4104,LIGHT BUS,5.29,19,2019,10,2019
Public Light Bus,TOYOTA,COASTER LPG LWB,LPG,4104,LIGHT BUS,5.29,19,2019,10,2019
Public Light Bus,TOYOTA,COASTER AUTO DIESEL LWB,Diesel,4009,LIGHT BUS,5.4,19,2019,10,2019
Public Light Bus,TOYOTA,COASTER LPG LWB,LPG,4104,LIGHT BUS,5.29,19,2019,10,2019
Public Light Bus,TOYOTA,COASTER LPG LWB,LPG,4104,LIGHT BUS,5.29,19,2019,10,2019
Public Light Bus,TOYOTA,COASTER LPG LWB,LPG,4104,LIGHT BUS,5.29,19,2019,10,2019
Public Light Bus,TOYOTA,COASTER LPG LWB,LPG,4104,LIGHT BUS,5.29,19,2019,10,2019
Public Light Bus,TOYOTA,COASTER LPG LWB,LPG,4104,LIGHT BUS,5.29,19,2019,10,2019
Public Light Bus,TOYOTA,COASTER LPG LWB,LPG,4104,LIGHT BUS,5.29,19,2019,10,2019
Public Light Bus,TOYOTA,COASTER LPG LWB,LPG,4104,LIGHT BUS,5.29,19,2019,10,2019
Public Light Bus,TOYOTA,COASTER LPG LWB,LPG,4104,LIGHT BUS,5.29,19,2019,10,2019
Public Light Bus,TOYOTA,COASTER AUTO DIESEL LWB,Diesel,4009,LIGHT BUS,5.4,19,2019,10,2019
Public Light Bus,TOYOTA,COASTER AUTO DIESEL LWB,Diesel,4009,LIGHT BUS,5.4,19,2019,10,2019
Public Light Bus,TOYOTA,COASTER LPG LWB,LPG,4104,LIGHT BUS,5.29,19,2019,10,2019
Public Light Bus,TOYOTA,COASTER LPG LWB,LPG,4104,LIGHT BUS,5.29,19,2019,10,2019
Public Light Bus,TOYOTA,COASTER LPG LWB,LPG,4104,LIGHT BUS,5.29,19,2019,10,2019
Public Light Bus,TOYOTA,COASTER LPG LWB,LPG,4104,LIGHT BUS,5.29,19,2019,10,2019
Public Light Bus,TOYOTA,COASTER LPG LWB,LPG,4104,LIGHT BUS,5.29,19,2019,10,2019
Public Light Bus,TOYOTA,COASTER LPG LWB,LPG,4104,LIGHT BUS,5.29,19,2019,10,2019
Public Light Bus,TOYOTA,COASTER AUTO DIESEL LWB,Diesel,4009,LIGHT BUS,5.4,19,2019,10,2019
Public Light Bus,TOYOTA,COASTER AUTO DIESEL LWB,Diesel,4009,LIGHT BUS,5.4,19,2019,10,2019
Public Light Bus,TOYOTA,COASTER LPG LWB,LPG,4104,LIGHT BUS,5.29,19,2019,10,2019
Public Light Bus,TOYOTA,COASTER AUTO DIESEL LWB,Diesel,4009,LIGHT BUS,5.4,19,2019,10,2019
Public Light Bus,TOYOTA,COASTER MANUAL DIESEL LWB,Diesel,4009,LIGHT BUS,5.29,19,2017,10,2019
Public Light Bus,TOYOTA,COASTER LPG LWB,LPG,4104,LIGHT BUS,5.29,19,2019,10,2019
Public Light Bus,TOYOTA,COASTER LPG LWB,LPG,4104,LIGHT BUS,5.29,19,2019,10,2019
Public Light Bus,TOYOTA,COASTER MANUAL DIESEL LWB,Diesel,4009,LIGHT BUS,5.29,19,2017,10,2019
Public Light Bus,TOYOTA,COASTER AUTO DIESEL LWB,Diesel,4009,LIGHT BUS,5.4,19,2019,10,2019
Public Light Bus,TOYOTA,COASTER MANUAL DIESEL LWB,Diesel,4009,LIGHT BUS,5.29,19,2017,10,2019
Public Light Bus,TOYOTA,COASTER LPG LWB,LPG,4104,LIGHT BUS,5.29,19,2019,10,2019
Public Light Bus,TOYOTA,COASTER LPG LWB,LPG,4104,LIGHT BUS,5.29,19,2019,10,2019
Public Light Bus,TOYOTA,COASTER LPG LWB,LPG,4104,LIGHT BUS,5.29,19,2019,10,2019
Public Light Bus,TOYOTA,COASTER LPG LWB,LPG,4104,LIGHT BUS,5.29,19,2019,10,2019
Public Light Bus,TOYOTA,COASTER LPG LWB,LPG,4104,LIGHT BUS,5.29,19,2019,10,2019
Public Light Bus,TOYOTA,COASTER LPG LWB,LPG,4104,LIGHT BUS,5.29,19,2019,10,2019
Public Light Bus,TOYOTA,COASTER AUTO DIESEL LWB,Diesel,4009,LIGHT BUS,5.4,19,2019,10,2019
Public Light Bus,TOYOTA,COASTER LPG LWB,LPG,4104,LIGHT BUS,5.29,19,2019,10,2019
Public Light Bus,TOYOTA,COASTER LPG LWB,LPG,4104,LIGHT BUS,5.29,19,2019,10,2019
Public Light Bus,TOYOTA,COASTER LPG LWB,LPG,4104,LIGHT BUS,5.29,19,2019,10,2019
Public Light Bus,TOYOTA,COASTER LPG LWB,LPG,4104,LIGHT BUS,5.29,19,2019,10,2019
Public Light Bus,TOYOTA,COASTER LPG LWB,LPG,4104,LIGHT BUS,5.29,19,2019,10,2019
Private Light Bus,TOYOTA,COASTER LPG LWB,LPG,4104,LIGHT BUS,5.29,15,2019,10,2019
Private Light Bus,TOYOTA,COASTER LPG LWB,LPG,4104,LIGHT BUS,5.29,12,2018,10,2019
Private Light Bus,TOYOTA,COASTER LPG LWB,LPG,4104,LIGHT BUS,5.29,15,2018,10,2019
Private Light Bus,TOYOTA,COASTER LPG LWB,LPG,4104,LIGHT BUS,5.29,15,2019,10,2019
Private Light Bus,TOYOTA,COASTER LPG LWB,LPG,4104,LIGHT BUS,5.29,12,2018,10,2019
Private Light Bus,TOYOTA,COASTER AUTO DIESEL LWB,Diesel,4009,LIGHT BUS,5.29,19,2019,10,2019
Private Light Bus,TOYOTA,COASTER AUTO DIESEL LWB,Diesel,4009,LIGHT BUS,5.29,19,2019,10,2019
Private Light Bus,TOYOTA,COASTER LPG LWB,LPG,4104,LIGHT BUS,5.29,16,2019,10,2019
Private Light Bus,TOYOTA,COASTER AUTO DIESEL LWB,Diesel,4009,LIGHT BUS,5.29,19,2019,10,2019
Private Light Bus,TOYOTA,COASTER AUTO DIESEL LWB,Diesel,4009,LIGHT BUS,5.29,19,2019,10,2019
Public Light Bus,TOYOTA,COASTER AUTO DIESEL LWB,Diesel,4009,LIGHT BUS,5.4,19,2019,11,2019
Public Light Bus,TOYOTA,COASTER AUTO DIESEL LWB,Diesel,4009,LIGHT BUS,5.4,19,2019,11,2019
Public Light Bus,TOYOTA,COASTER LPG LWB,LPG,4104,LIGHT BUS,5.29,19,2019,11,2019
Public Light Bus,TOYOTA,COASTER LPG LWB,LPG,4104,LIGHT BUS,5.29,19,2019,11,2019
Public Light Bus,TOYOTA,COASTER LPG LWB,LPG,4104,LIGHT BUS,5.29,19,2019,11,2019
Public Light Bus,TOYOTA,COASTER LPG LWB,LPG,4104,LIGHT BUS,5.29,19,2019,11,2019
Public Light Bus,TOYOTA,COASTER LPG LWB,LPG,4104,LIGHT BUS,5.29,19,2019,11,2019
Public Light Bus,TOYOTA,COASTER LPG LWB,LPG,4104,LIGHT BUS,5.29,19,2019,11,2019
Public Light Bus,TOYOTA,COASTER LPG LWB,LPG,4104,LIGHT BUS,5.29,19,2019,11,2019
Public Light Bus,TOYOTA,COASTER LPG LWB,LPG,4104,LIGHT BUS,5.29,19,2019,11,2019
Public Light Bus,TOYOTA,COASTER LPG LWB,LPG,4104,LIGHT BUS,5.29,19,2019,11,2019
Public Light Bus,TOYOTA,COASTER LPG LWB,LPG,4104,LIGHT BUS,5.29,19,2019,11,2019
Public Light Bus,TOYOTA,COASTER LPG LWB,LPG,4104,LIGHT BUS,5.29,19,2019,11,2019
Public Light Bus,TOYOTA,COASTER LPG LWB,LPG,4104,LIGHT BUS,5.29,19,2019,11,2019
Public Light Bus,TOYOTA,COASTER LPG LWB,LPG,4104,LIGHT BUS,5.29,19,2019,11,2019
Public Light Bus,TOYOTA,COASTER LPG LWB,LPG,4104,LIGHT BUS,5.29,19,2019,11,2019
Public Light Bus,TOYOTA,COASTER LPG LWB,LPG,4104,LIGHT BUS,5.29,19,2019,11,2019
Public Light Bus,TOYOTA,COASTER AUTO DIESEL LWB,Diesel,4009,LIGHT BUS,5.4,19,2019,11,2019
Public Light Bus,TOYOTA,COASTER LPG LWB,LPG,4104,LIGHT BUS,5.29,19,2019,11,2019
Public Light Bus,TOYOTA,COASTER LPG LWB,LPG,4104,LIGHT BUS,5.29,19,2019,11,2019
Public Light Bus,TOYOTA,COASTER LPG LWB,LPG,4104,LIGHT BUS,5.29,19,2019,11,2019
Public Light Bus,TOYOTA,COASTER LPG LWB,LPG,4104,LIGHT BUS,5.29,19,2019,11,2019
Public Light Bus,TOYOTA,COASTER LPG LWB,LPG,4104,LIGHT BUS,5.29,19,2019,11,2019
Public Light Bus,TOYOTA,COASTER LPG LWB,LPG,4104,LIGHT BUS,5.29,19,2019,11,2019
Public Light Bus,TOYOTA,COASTER LPG LWB,LPG,4104,LIGHT BUS,5.29,19,2019,11,2019
Public Light Bus,TOYOTA,COASTER LPG LWB,LPG,4104,LIGHT BUS,5.29,19,2019,11,2019
Public Light Bus,TOYOTA,COASTER LPG LWB,LPG,4104,LIGHT BUS,5.29,19,2019,11,2019
Public Light Bus,TOYOTA,COASTER LPG LWB,LPG,4104,LIGHT BUS,5.29,19,2019,11,2019
Public Light Bus,TOYOTA,COASTER LPG LWB,LPG,4104,LIGHT BUS,5.29,19,2019,11,2019
Public Light Bus,TOYOTA,COASTER LPG LWB,LPG,4104,LIGHT BUS,5.29,19,2019,11,2019
Private Light Bus,TOYOTA,COASTER MANUAL DIESEL LWB,Diesel,4009,LIGHT BUS,5.29,19,2019,11,2019
Private Light Bus,KING LONG,XMQ6706CYBEVS,Electric,-,Light Bus (EX),7.5,16,2018,11,2019
Private Light Bus,TOYOTA,COASTER AUTO DIESEL LWB,Diesel,4009,LIGHT BUS,5.29,19,2019,11,2019
Private Light Bus,TOYOTA,COASTER LPG LWB,LPG,4104,LIGHT BUS,5.29,15,2019,11,2019
Private Light Bus,TOYOTA,COASTER LPG LWB,LPG,4104,LIGHT BUS,5.29,16,2019,11,2019
Private Light Bus,TOYOTA,COASTER AUTO DIESEL LWB,Diesel,4009,LIGHT BUS,5.29,19,2019,11,2019
Private Light Bus,TOYOTA,COASTER LPG LWB,LPG,4104,LIGHT BUS,5.29,16,2019,11,2019
Private Light Bus,MITSUBISHI FUSO,BE641GRMDA,Diesel,2998,LIGHT BUS,5.5,16,2018,11,2019
Public Light Bus,TOYOTA,COASTER LPG LWB,LPG,,LIGHT BUS,5.29,,2019,12,2019
Public Light Bus,TOYOTA,COASTER LPG LWB,LPG,,LIGHT BUS,5.29,,2019,12,2019
Public Light Bus,TOYOTA,COASTER LPG LWB,LPG,,LIGHT BUS,5.29,,2019,12,2019
Public Light Bus,TOYOTA,COASTER LPG LWB,LPG,,LIGHT BUS,5.29,,2019,12,2019
Public Light Bus,TOYOTA,COASTER LPG LWB,LPG,,LIGHT BUS,5.29,,2019,12,2019
Public Light Bus,TOYOTA,COASTER LPG LWB,LPG,,LIGHT BUS,5.29,,2019,12,2019
Public Light Bus,TOYOTA,COASTER LPG LWB,LPG,,LIGHT BUS,5.29,,2019,12,2019
Public Light Bus,TOYOTA,COASTER LPG LWB,LPG,,LIGHT BUS,5.29,,2019,12,2019
Public Light Bus,TOYOTA,COASTER LPG LWB,LPG,,LIGHT BUS,5.29,,2019,12,2019
Public Light Bus,TOYOTA,COASTER MANUAL DIESEL LWB,Diesel,,LIGHT BUS,5.4,,2019,12,2019
Public Light Bus,TOYOTA,COASTER LPG LWB,LPG,,LIGHT BUS,5.29,,2019,12,2019
Public Light Bus,TOYOTA,COASTER LPG LWB,LPG,,LIGHT BUS,5.29,,2019,12,2019
Public Light Bus,TOYOTA,COASTER LPG LWB,LPG,,LIGHT BUS,5.29,,2019,12,2019
Public Light Bus,TOYOTA,COASTER LPG LWB,LPG,,LIGHT BUS,5.29,,2019,12,2019
Public Light Bus,TOYOTA,COASTER LPG LWB,LPG,,LIGHT BUS,5.29,,2019,12,2019
Public Light Bus,TOYOTA,COASTER LPG LWB,LPG,,LIGHT BUS,5.29,,2019,12,2019
Public Light Bus,TOYOTA,COASTER LPG LWB,LPG,,LIGHT BUS,5.29,,2019,12,2019
Public Light Bus,TOYOTA,COASTER LPG LWB,LPG,,LIGHT BUS,5.29,,2019,12,2019
Public Light Bus,TOYOTA,COASTER LPG LWB,LPG,,LIGHT BUS,5.29,,2019,12,2019
Public Light Bus,TOYOTA,COASTER LPG LWB,LPG,,LIGHT BUS,5.29,,2019,12,2019
Public Light Bus,TOYOTA,COASTER LPG LWB,LPG,,LIGHT BUS,5.29,,2019,12,2019
Public Light Bus,TOYOTA,COASTER LPG LWB,LPG,,LIGHT BUS,5.29,,2019,12,2019
Public Light Bus,TOYOTA,COASTER LPG LWB,LPG,,LIGHT BUS,5.29,,2019,12,2019
Public Light Bus,TOYOTA,COASTER LPG LWB,LPG,,LIGHT BUS,5.29,,2019,12,2019
Public Light Bus,TOYOTA,COASTER LPG LWB,LPG,,LIGHT BUS,5.29,,2019,12,2019
Public Light Bus,TOYOTA,COASTER LPG LWB,LPG,,LIGHT BUS,5.29,,2019,12,2019
Public Light Bus,TOYOTA,COASTER LPG LWB,LPG,,LIGHT BUS,5.29,,2019,12,2019
Public Light Bus,TOYOTA,COASTER LPG LWB,LPG,,LIGHT BUS,5.29,,2019,12,2019
Public Light Bus,TOYOTA,COASTER LPG LWB,LPG,,LIGHT BUS,5.29,,2019,12,2019
Public Light Bus,TOYOTA,COASTER LPG LWB,LPG,,LIGHT BUS,5.29,,2019,12,2019
Public Light Bus,TOYOTA,COASTER LPG LWB,LPG,,LIGHT BUS,5.29,,2019,12,2019
Public Light Bus,TOYOTA,COASTER LPG LWB,LPG,,LIGHT BUS,5.29,,2019,12,2019
Public Light Bus,TOYOTA,COASTER LPG LWB,LPG,,LIGHT BUS,5.29,,2019,12,2019
Public Light Bus,TOYOTA,COASTER LPG LWB,LPG,,LIGHT BUS,5.29,,2019,12,2019
Public Light Bus,TOYOTA,COASTER LPG LWB,LPG,,LIGHT BUS,5.29,,2019,12,2019
Public Light Bus,TOYOTA,COASTER LPG LWB,LPG,,LIGHT BUS,5.29,,2019,12,2019
Public Light Bus,TOYOTA,COASTER LPG LWB,LPG,,LIGHT BUS,5.29,,2019,12,2019
Public Light Bus,TOYOTA,COASTER LPG LWB,LPG,,LIGHT BUS,5.29,,2019,12,2019
Private Light Bus,MITSUBISHI FUSO,BE641GRMDA,Diesel,,LIGHT BUS,5.5,,2018,12,2019
Private Light Bus,TOYOTA,COASTER MANUAL DIESEL LWB,Diesel,,LIGHT BUS,5.29,,2019,12,2019
Private Light Bus,TOYOTA,COASTER LPG LWB,LPG,,LIGHT BUS,5.29,,2019,12,2019
Private Light Bus,TOYOTA,COASTER LPG LWB,LPG,,LIGHT BUS,5.29,,2018,12,2019
Private Light Bus,MITSUBISHI FUSO,BE641GRMDA,Diesel,,LIGHT BUS,5.5,,2018,12,2019
Private Light Bus,TOYOTA,COASTER LPG LWB,LPG,,LIGHT BUS,5.29,,2019,12,2019
Private Light Bus,TOYOTA,COASTER MANUAL DIESEL LWB,Diesel,,LIGHT BUS,5.29,,2019,12,2019
Private Light Bus,TOYOTA,COASTER LPG LWB,LPG,,LIGHT BUS,5.29,,2019,12,2019
Private Light Bus,TOYOTA,COASTER LPG LWB,LPG,,LIGHT BUS,5.29,,2018,12,2019
Private Light Bus,TOYOTA,COASTER AUTO DIESEL LWB,Diesel,,LIGHT BUS,5.29,,2019,12,2019
Private Light Bus,TOYOTA,COASTER LPG LWB,LPG,,LIGHT BUS,5.29,,2019,12,2019
Private Light Bus,TOYOTA,COASTER MANUAL DIESEL LWB,Diesel,,LIGHT BUS,5.29,,2019,12,2019
Private Light Bus,TOYOTA,COASTER AUTO DIESEL LWB,Diesel,,LIGHT BUS,5.29,,2019,12,2019
Private Light Bus,TOYOTA,COASTER MANUAL DIESEL LWB,Diesel,,LIGHT BUS,5.29,,2019,12,2019
Private Light Bus,TOYOTA,COASTER LPG LWB,LPG,,LIGHT BUS,5.29,,2019,12,2019
Private Light Bus,MITSUBISHI FUSO,BE641GRMDA,Diesel,,LIGHT BUS,5.5,,2018,12,2019
Private Light Bus,TOYOTA,COASTER LPG LWB,LPG,,LIGHT BUS,5.29,,2019,12,2019
Private Light Bus,TOYOTA,COASTER LPG LWB,LPG,,LIGHT BUS,5.29,,2019,12,2019
Public Light Bus,TOYOTA,COASTER LPG LWB,LPG,,LIGHT BUS,5.29,,2019,1,2020
Public Light Bus,TOYOTA,COASTER LPG LWB,LPG,,LIGHT BUS,5.29,,2019,1,2020
Public Light Bus,MITSUBISHI FUSO,BE641GRMDA,Diesel,,LIGHT BUS,5.5,,2017,1,2020
Public Light Bus,TOYOTA,COASTER LPG LWB,LPG,,LIGHT BUS,5.29,,2019,1,2020
Public Light Bus,TOYOTA,COASTER MANUAL DIESEL LWB,Diesel,,LIGHT BUS,5.29,,2017,1,2020
Public Light Bus,TOYOTA,COASTER LPG LWB,LPG,,LIGHT BUS,5.29,,2019,1,2020
Public Light Bus,TOYOTA,COASTER LPG LWB,LPG,,LIGHT BUS,5.29,,2019,1,2020
Public Light Bus,TOYOTA,COASTER LPG LWB,LPG,,LIGHT BUS,5.29,,2019,1,2020
Public Light Bus,TOYOTA,COASTER LPG LWB,LPG,,LIGHT BUS,5.29,,2019,1,2020
Public Light Bus,TOYOTA,COASTER LPG LWB,LPG,,LIGHT BUS,5.29,,2019,1,2020
Public Light Bus,TOYOTA,COASTER LPG LWB,LPG,,LIGHT BUS,5.29,,2019,1,2020
Public Light Bus,GMI,GEMINI,Diesel,,LIGHT BUS,7,,2018,1,2020
Public Light Bus,TOYOTA,COASTER LPG LWB,LPG,,LIGHT BUS,5.29,,2019,1,2020
Public Light Bus,TOYOTA,COASTER LPG LWB,LPG,,LIGHT BUS,5.29,,2019,1,2020
Public Light Bus,TOYOTA,COASTER LPG LWB,LPG,,LIGHT BUS,5.29,,2019,1,2020
Public Light Bus,TOYOTA,COASTER LPG LWB,LPG,,LIGHT BUS,5.29,,2019,1,2020
Public Light Bus,TOYOTA,COASTER LPG LWB,LPG,,LIGHT BUS,5.29,,2019,1,2020
Public Light Bus,TOYOTA,COASTER LPG LWB,LPG,,LIGHT BUS,5.29,,2019,1,2020
Public Light Bus,TOYOTA,COASTER LPG LWB,LPG,,LIGHT BUS,5.29,,2019,1,2020
Public Light Bus,TOYOTA,COASTER LPG LWB,LPG,,LIGHT BUS,5.29,,2019,1,2020
Public Light Bus,TOYOTA,COASTER LPG LWB,LPG,,LIGHT BUS,5.29,,2019,1,2020
Private Light Bus,TOYOTA,COASTER LPG LWB,LPG,,LIGHT BUS,5.29,,2019,1,2020
Private Light Bus,TOYOTA,COASTER LPG LWB,LPG,,LIGHT BUS,5.29,,2019,1,2020
Private Light Bus,TOYOTA,COASTER LPG LWB,LPG,,LIGHT BUS,5.29,,2019,1,2020
Private Light Bus,TOYOTA,COASTER MANUAL DIESEL LWB,Diesel,,LIGHT BUS,5.29,,2019,1,2020
Private Light Bus,TOYOTA,COASTER LPG LWB,LPG,,LIGHT BUS,5.29,,2019,1,2020
Private Light Bus,TOYOTA,COASTER LPG LWB,LPG,,LIGHT BUS,5.29,,2019,1,2020
Private Light Bus,TOYOTA,COASTER LPG LWB,LPG,,LIGHT BUS,5.29,,2019,1,2020
Private Light Bus,TOYOTA,COASTER AUTO DIESEL LWB,Diesel,,LIGHT BUS,5.29,,2019,1,2020
Private Light Bus,TOYOTA,COASTER LPG LWB,LPG,,LIGHT BUS,5.29,,2019,1,2020
Private Light Bus,TOYOTA,COASTER MANUAL DIESEL LWB,Diesel,,LIGHT BUS,5.29,,2019,1,2020
Private Light Bus,TOYOTA,COASTER MANUAL DIESEL LWB,Diesel,,LIGHT BUS,5.29,,2019,1,2020
Private Light Bus,TOYOTA,COASTER LPG LWB,LPG,,LIGHT BUS,5.29,,2019,1,2020
Private Light Bus,TOYOTA,COASTER MANUAL DIESEL LWB,Diesel,,LIGHT BUS,5.29,,2019,1,2020
Private Light Bus,TOYOTA,COASTER LPG LWB,LPG,,LIGHT BUS,5.29,,2019,1,2020
Private Light Bus,TOYOTA,COASTER LPG LWB,LPG,,LIGHT BUS,5.29,,2019,1,2020
Private Light Bus,TOYOTA,COASTER MANUAL DIESEL LWB,Diesel,,LIGHT BUS,5.29,,2019,1,2020
Private Light Bus,TOYOTA,COASTER MANUAL DIESEL LWB,Diesel,,LIGHT BUS,5.29,,2019,1,2020
Private Light Bus,TOYOTA,COASTER LPG LWB,LPG,,LIGHT BUS,5.29,,2019,1,2020
Private Light Bus,TOYOTA,COASTER AUTO DIESEL LWB,Diesel,,LIGHT BUS,5.29,,2019,1,2020
Public Light Bus,TOYOTA,COASTER LPG LWB,LPG,,LIGHT BUS,5.29,,2019,2,2020
Public Light Bus,TOYOTA,COASTER LPG LWB,LPG,,LIGHT BUS,5.29,,2019,2,2020
Public Light Bus,TOYOTA,COASTER LPG LWB,LPG,,LIGHT BUS,5.29,,2019,2,2020
Public Light Bus,TOYOTA,COASTER LPG LWB,LPG,,LIGHT BUS,5.29,,2019,2,2020
Public Light Bus,TOYOTA,COASTER LPG LWB,LPG,,LIGHT BUS,5.29,,2019,2,2020
Public Light Bus,TOYOTA,COASTER LPG LWB,LPG,,LIGHT BUS,5.29,,2019,2,2020
Public Light Bus,TOYOTA,COASTER LPG LWB,LPG,,LIGHT BUS,5.29,,2019,2,2020
Public Light Bus,TOYOTA,COASTER LPG LWB,LPG,,LIGHT BUS,5.29,,2019,2,2020
Public Light Bus,TOYOTA,COASTER LPG LWB,LPG,,LIGHT BUS,5.29,,2019,2,2020
Public Light Bus,TOYOTA,COASTER LPG LWB,LPG,,LIGHT BUS,5.29,,2019,2,2020
Public Light Bus,TOYOTA,COASTER LPG LWB,LPG,,LIGHT BUS,5.29,,2019,2,2020
Public Light Bus,TOYOTA,COASTER LPG LWB,LPG,,LIGHT BUS,5.29,,2019,2,2020
Public Light Bus,TOYOTA,COASTER LPG LWB,LPG,,LIGHT BUS,5.29,,2019,2,2020
Public Light Bus,TOYOTA,COASTER LPG LWB,LPG,,LIGHT BUS,5.29,,2019,2,2020
Public Light Bus,TOYOTA,COASTER LPG LWB,LPG,,LIGHT BUS,5.29,,2019,2,2020
Public Light Bus,TOYOTA,COASTER LPG LWB,LPG,,LIGHT BUS,5.29,,2019,2,2020
Public Light Bus,TOYOTA,COASTER LPG LWB,LPG,,LIGHT BUS,5.29,,2019,2,2020
Public Light Bus,TOYOTA,COASTER LPG LWB,LPG,,LIGHT BUS,5.29,,2019,2,2020
Private Light Bus,TOYOTA,COASTER LPG LWB,LPG,,LIGHT BUS,5.29,,2019,2,2020
Private Light Bus,TOYOTA,COASTER LPG LWB,LPG,,LIGHT BUS,5.29,,2019,2,2020
Private Light Bus,TOYOTA,COASTER LPG LWB,LPG,,LIGHT BUS,5.29,,2019,2,2020
Private Light Bus,TOYOTA,COASTER LPG LWB,LPG,,LIGHT BUS,5.29,,2019,2,2020
Private Light Bus,TOYOTA,COASTER LPG LWB,LPG,,LIGHT BUS,5.29,,2019,2,2020
Private Light Bus,MITSUBISHI FUSO,BE641GRMDA,Diesel,,LIGHT BUS,5.5,,2018,2,2020
Private Light Bus,TOYOTA,COASTER LPG LWB,LPG,,LIGHT BUS,5.29,,2018,2,2020
Private Light Bus,TOYOTA,COASTER LPG LWB,LPG,,LIGHT BUS,5.29,,2019,2,2020
Private Light Bus,MITSUBISHI FUSO,BE641GRMDA,Diesel,,LIGHT BUS,5.5,,2018,2,2020
Private Light Bus,TOYOTA,COASTER LPG LWB,LPG,,LIGHT BUS,5.29,,2019,2,2020
Private Light Bus,MITSUBISHI FUSO,BE641GRMDA,Diesel,,LIGHT BUS,5.5,,2018,2,2020
Public Light Bus,TOYOTA,COASTER LPG LWB,LPG,,LIGHT BUS,5.29,,2019,3,2020
Public Light Bus,TOYOTA,COASTER LPG LWB,LPG,,LIGHT BUS,5.29,,2019,3,2020
Public Light Bus,TOYOTA,COASTER LPG LWB,LPG,,LIGHT BUS,5.29,,2019,3,2020
Public Light Bus,TOYOTA,COASTER LPG LWB,LPG,,LIGHT BUS,5.29,,2019,3,2020
Public Light Bus,TOYOTA,COASTER LPG LWB,LPG,,LIGHT BUS,5.29,,2019,3,2020
Public Light Bus,TOYOTA,COASTER LPG LWB,LPG,,LIGHT BUS,5.29,,2019,3,2020
Public Light Bus,TOYOTA,COASTER LPG LWB,LPG,,LIGHT BUS,5.29,,2019,3,2020
Public Light Bus,TOYOTA,COASTER LPG LWB,LPG,,LIGHT BUS,5.29,,2019,3,2020
Public Light Bus,GMI,GEMINI,Diesel,,LIGHT BUS,7,,2018,3,2020
Private Light Bus,TOYOTA,COASTER AUTO DIESEL LWB,Diesel,,LIGHT BUS,5.29,,2019,3,2020
Private Light Bus,TOYOTA,COASTER LPG LWB,LPG,,LIGHT BUS,5.29,,2019,3,2020
Private Light Bus,TOYOTA,COASTER MANUAL DIESEL LWB,Diesel,,LIGHT BUS,5.29,,2019,3,2020
Private Light Bus,TOYOTA,COASTER LPG LWB,LPG,,LIGHT BUS,5.29,,2019,3,2020
Private Light Bus,TOYOTA,COASTER AUTO DIESEL LWB,Diesel,,LIGHT BUS,5.29,,2018,3,2020
Private Light Bus,TOYOTA,COASTER AUTO DIESEL LWB,Diesel,,LIGHT BUS,5.29,,2019,3,2020
Public Light Bus,TOYOTA,COASTER LPG LWB,LPG,,LIGHT BUS,5.29,,2019,4,2020
Public Light Bus,TOYOTA,COASTER LPG LWB,LPG,,LIGHT BUS,5.29,,2019,4,2020
Public Light Bus,TOYOTA,COASTER LPG LWB,LPG,,LIGHT BUS,5.29,,2020,4,2020
Public Light Bus,GMI,GEMINI,Diesel,,LIGHT BUS,7,,2018,4,2020
Public Light Bus,TOYOTA,COASTER LPG LWB,LPG,,LIGHT BUS,5.29,,2020,4,2020
Public Light Bus,TOYOTA,COASTER LPG LWB,LPG,,LIGHT BUS,5.29,,2019,4,2020
Public Light Bus,TOYOTA,COASTER LPG LWB,LPG,,LIGHT BUS,5.29,,2019,4,2020
Public Light Bus,TOYOTA,COASTER LPG LWB,LPG,,LIGHT BUS,5.29,,2020,4,2020
Private Light Bus,TOYOTA,COASTER LPG LWB,LPG,,LIGHT BUS,5.29,,2019,4,2020
Private Light Bus,MITSUBISHI FUSO,BE641GRMDA,Diesel,,LIGHT BUS,5.5,,2018,4,2020
Private Light Bus,MITSUBISHI FUSO,BE641GRMDA,Diesel,,LIGHT BUS,5.5,,2018,4,2020
Private Light Bus,MITSUBISHI FUSO,BE641GRMDA,Diesel,,LIGHT BUS,5.5,,2018,4,2020
Private Light Bus,TOYOTA,COASTER LPG LWB,LPG,,LIGHT BUS,5.29,,2019,4,2020
Private Light Bus,TOYOTA,COASTER LPG LWB,LPG,,LIGHT BUS,5.29,,2019,4,2020
Private Light Bus,TOYOTA,COASTER LPG LWB,LPG,,LIGHT BUS,5.29,,2019,4,2020
Private Light Bus,MITSUBISHI FUSO,BE641GRMDA,Diesel,,LIGHT BUS,5.5,,2018,4,2020
Private Light Bus,TOYOTA,COASTER LPG LWB,LPG,,LIGHT BUS,5.29,,2019,4,2020
Private Light Bus,MITSUBISHI FUSO,BE641GRMDA,Diesel,,LIGHT BUS,5.5,,2018,4,2020
Private Light Bus,TOYOTA,COASTER MANUAL DIESEL LWB,Diesel,,LIGHT BUS,5.29,,2020,4,2020
Private Light Bus,MITSUBISHI FUSO,BE641GRMDA,Diesel,,LIGHT BUS,5.5,,2018,4,2020
Private Light Bus,TOYOTA,COASTER LPG LWB,LPG,,LIGHT BUS,5.29,,2019,4,2020
Private Light Bus,MITSUBISHI FUSO,BE641GRMDA,Diesel,,LIGHT BUS,5.5,,2018,4,2020
Private Light Bus,MITSUBISHI FUSO,BE641GRMDA,Diesel,,LIGHT BUS,5.5,,2018,4,2020
Public Light Bus,TOYOTA,COASTER LPG LWB,LPG,,LIGHT BUS,5.29,,2020,5,2020
Public Light Bus,TOYOTA,COASTER LPG LWB,LPG,,LIGHT BUS,5.29,,2020,5,2020
Public Light Bus,TOYOTA,COASTER LPG LWB,LPG,,LIGHT BUS,5.29,,2019,5,2020
Public Light Bus,TOYOTA,COASTER LPG LWB,LPG,,LIGHT BUS,5.29,,2019,5,2020
Public Light Bus,TOYOTA,COASTER LPG LWB,LPG,,LIGHT BUS,5.29,,2019,5,2020
Public Light Bus,TOYOTA,COASTER LPG LWB,LPG,,LIGHT BUS,5.29,,2019,5,2020
Public Light Bus,TOYOTA,COASTER LPG LWB,LPG,,LIGHT BUS,5.29,,2020,5,2020
Public Light Bus,TOYOTA,COASTER AUTO DIESEL LWB,Diesel,,LIGHT BUS,5.4,,2019,5,2020
Public Light Bus,TOYOTA,COASTER LPG LWB,LPG,,LIGHT BUS,5.29,,2019,5,2020
Public Light Bus,TOYOTA,COASTER LPG LWB,LPG,,LIGHT BUS,5.29,,2020,5,2020
Public Light Bus,TOYOTA,COASTER LPG LWB,LPG,,LIGHT BUS,5.29,,2020,5,2020
Private Light Bus,MITSUBISHI FUSO,BE641GRMDA,Diesel,,LIGHT BUS,5.5,,2018,5,2020
Private Light Bus,TOYOTA,COASTER LPG LWB,LPG,,LIGHT BUS,5.29,,2019,5,2020
Private Light Bus,TOYOTA,COASTER LPG LWB,LPG,,LIGHT BUS,5.29,,2019,5,2020
Private Light Bus,TOYOTA,COASTER LPG LWB,LPG,,LIGHT BUS,5.29,,2019,5,2020
Private Light Bus,MITSUBISHI FUSO,BE641GRMDA,Diesel,,LIGHT BUS,5.5,,2018,5,2020
Private Light Bus,TOYOTA,COASTER AUTO DIESEL LWB,Diesel,,LIGHT BUS,5.29,,2019,5,2020
Private Light Bus,TOYOTA,COASTER AUTO DIESEL LWB,Diesel,,LIGHT BUS,5.29,,2019,5,2020
Private Light Bus,TOYOTA,COASTER LPG LWB,LPG,,LIGHT BUS,5.29,,2019,5,2020
Private Light Bus,TOYOTA,COASTER LPG LWB,LPG,,LIGHT BUS,5.29,,2019,5,2020
Private Light Bus,TOYOTA,COASTER LPG LWB,LPG,,LIGHT BUS,5.29,,2019,5,2020
Private Light Bus,MITSUBISHI FUSO,BE641GRMDAD,Diesel,,LIGHT BUS,5.5,,2019,5,2020
Private Light Bus,TOYOTA,COASTER LPG LWB,LPG,,LIGHT BUS,5.29,,2019,5,2020
Private Light Bus,TOYOTA,COASTER LPG LWB,LPG,,LIGHT BUS,5.29,,2019,5,2020
Public Light Bus,TOYOTA,COASTER LPG LWB,LPG,,LIGHT BUS,5.29,,2020,6,2020
Public Light Bus,TOYOTA,COASTER LPG LWB,LPG,,LIGHT BUS,5.29,,2020,6,2020
Public Light Bus,TOYOTA,COASTER LPG LWB,LPG,,LIGHT BUS,5.29,,2019,6,2020
Public Light Bus,TOYOTA,COASTER LPG LWB,LPG,,LIGHT BUS,5.29,,2019,6,2020
Public Light Bus,TOYOTA,COASTER AUTO DIESEL LWB,Diesel,,LIGHT BUS,5.4,,2020,6,2020
Public Light Bus,TOYOTA,COASTER LPG LWB,LPG,,LIGHT BUS,5.29,,2020,6,2020
Public Light Bus,TOYOTA,COASTER LPG LWB,LPG,,LIGHT BUS,5.29,,2019,6,2020
Public Light Bus,TOYOTA,COASTER LPG LWB,LPG,,LIGHT BUS,5.29,,2019,6,2020
Public Light Bus,TOYOTA,COASTER LPG LWB,LPG,,LIGHT BUS,5.29,,2020,6,2020
Public Light Bus,TOYOTA,COASTER LPG LWB,LPG,,LIGHT BUS,5.29,,2020,6,2020
Public Light Bus,TOYOTA,COASTER LPG LWB,LPG,,LIGHT BUS,5.29,,2020,6,2020
Public Light Bus,TOYOTA,COASTER LPG LWB,LPG,,LIGHT BUS,5.29,,2020,6,2020
Public Light Bus,TOYOTA,COASTER LPG LWB,LPG,,LIGHT BUS,5.29,,2019,6,2020
Public Light Bus,TOYOTA,COASTER LPG LWB,LPG,,LIGHT BUS,5.29,,2020,6,2020
Public Light Bus,TOYOTA,COASTER LPG LWB,LPG,,LIGHT BUS,5.29,,2020,6,2020
Public Light Bus,TOYOTA,COASTER LPG LWB,LPG,,LIGHT BUS,5.29,,2020,6,2020
Public Light Bus,TOYOTA,COASTER LPG LWB,LPG,,LIGHT BUS,5.29,,2020,6,2020
Public Light Bus,TOYOTA,COASTER LPG LWB,LPG,,LIGHT BUS,5.29,,2020,6,2020
Public Light Bus,TOYOTA,COASTER LPG LWB,LPG,,LIGHT BUS,5.29,,2020,6,2020
Public Light Bus,TOYOTA,COASTER LPG LWB,LPG,,LIGHT BUS,5.29,,2020,6,2020
Public Light Bus,TOYOTA,COASTER LPG LWB,LPG,,LIGHT BUS,5.29,,2020,6,2020
Public Light Bus,TOYOTA,COASTER LPG LWB,LPG,,LIGHT BUS,5.29,,2020,6,2020
Public Light Bus,TOYOTA,COASTER LPG LWB,LPG,,LIGHT BUS,5.29,,2019,6,2020
Public Light Bus,TOYOTA,COASTER LPG LWB,LPG,,LIGHT BUS,5.29,,2020,6,2020
Public Light Bus,TOYOTA,COASTER MANUAL DIESEL LWB,Diesel,,LIGHT BUS,5.4,,2019,6,2020
Public Light Bus,TOYOTA,COASTER LPG LWB,LPG,,LIGHT BUS,5.29,,2020,6,2020
Public Light Bus,TOYOTA,COASTER LPG LWB,LPG,,LIGHT BUS,5.29,,2020,6,2020
Public Light Bus,TOYOTA,COASTER LPG LWB,LPG,,LIGHT BUS,5.29,,2020,6,2020
Public Light Bus,TOYOTA,COASTER LPG LWB,LPG,,LIGHT BUS,5.29,,2019,6,2020
Public Light Bus,TOYOTA,COASTER LPG LWB,LPG,,LIGHT BUS,5.29,,2020,6,2020
Public Light Bus,TOYOTA,COASTER LPG LWB,LPG,,LIGHT BUS,5.29,,2020,6,2020
Public Light Bus,TOYOTA,COASTER LPG LWB,LPG,,LIGHT BUS,5.29,,2020,6,2020
Public Light Bus,TOYOTA,COASTER AUTO DIESEL LWB,Diesel,,LIGHT BUS,5.4,,2020,6,2020
Public Light Bus,TOYOTA,COASTER LPG LWB,LPG,,LIGHT BUS,5.29,,2020,6,2020
Private Light Bus,TOYOTA,COASTER LPG LWB,LPG,,LIGHT BUS,5.29,,2019,6,2020
Private Light Bus,TOYOTA,COASTER LPG LWB,LPG,,LIGHT BUS,5.29,,2019,6,2020
Private Light Bus,TOYOTA,COASTER LPG LWB,LPG,,LIGHT BUS,5.29,,2019,6,2020
Private Light Bus,TOYOTA,COASTER LPG LWB,LPG,,LIGHT BUS,5.29,,2019,6,2020
Private Light Bus,TOYOTA,COASTER MANUAL DIESEL LWB,Diesel,,LIGHT BUS,5.29,,2019,6,2020
Private Light Bus,TOYOTA,COASTER MANUAL DIESEL LWB,Diesel,,LIGHT BUS,5.29,,2019,6,2020
Private Light Bus,TOYOTA,COASTER LPG LWB,LPG,,LIGHT BUS,5.29,,2019,6,2020
Private Light Bus,TOYOTA,COASTER LPG LWB,LPG,,LIGHT BUS,5.29,,2019,6,2020
Private Light Bus,TOYOTA,COASTER LPG LWB,LPG,,LIGHT BUS,5.29,,2019,6,2020
Private Light Bus,TOYOTA,COASTER LPG LWB,LPG,,LIGHT BUS,5.29,,2019,6,2020
Public Light Bus,TOYOTA,COASTER MANUAL DIESEL LWB,Diesel,,LIGHT BUS,5.4,,2019,7,2020
Public Light Bus,TOYOTA,COASTER LPG LWB,LPG,,LIGHT BUS,5.29,,2019,7,2020
Public Light Bus,TOYOTA,COASTER LPG LWB,LPG,,LIGHT BUS,5.29,,2020,7,2020
Public Light Bus,TOYOTA,COASTER LPG LWB,LPG,,LIGHT BUS,5.29,,2020,7,2020
Public Light Bus,TOYOTA,COASTER LPG LWB,LPG,,LIGHT BUS,5.29,,2020,7,2020
Public Light Bus,TOYOTA,COASTER LPG LWB,LPG,,LIGHT BUS,5.29,,2020,7,2020
Public Light Bus,TOYOTA,COASTER LPG LWB,LPG,,LIGHT BUS,5.29,,2020,7,2020
Public Light Bus,TOYOTA,COASTER LPG LWB,LPG,,LIGHT BUS,5.29,,2019,7,2020
Public Light Bus,TOYOTA,COASTER LPG LWB,LPG,,LIGHT BUS,5.29,,2019,7,2020
Private Light Bus,TOYOTA,COASTER LPG LWB,LPG,,LIGHT BUS,5.29,,2020,7,2020
Private Light Bus,TOYOTA,COASTER MANUAL DIESEL LWB,Diesel,,LIGHT BUS,5.29,,2020,7,2020
Private Light Bus,TOYOTA,COASTER MANUAL DIESEL LWB,Diesel,,LIGHT BUS,5.29,,2020,7,2020
Private Light Bus,TOYOTA,COASTER MANUAL DIESEL LWB,Diesel,,LIGHT BUS,5.29,,2019,7,2020
Private Light Bus,TOYOTA,COASTER MANUAL DIESEL LWB,Diesel,,LIGHT BUS,5.29,,2020,7,2020
Private Light Bus,MITSUBISHI FUSO,BE641GRMDAD,Diesel,,LIGHT BUS,5.5,,2019,7,2020
Private Light Bus,TOYOTA,COASTER LPG LWB,LPG,,LIGHT BUS,5.29,,2019,7,2020
Private Light Bus,TOYOTA,COASTER MANUAL DIESEL LWB,Diesel,,LIGHT BUS,5.29,,2020,7,2020
Private Light Bus,MITSUBISHI FUSO,BE641GRMDA,Diesel,,LIGHT BUS,5.5,,2018,7,2020
Private Light Bus,TOYOTA,COASTER LPG LWB,LPG,,LIGHT BUS,5.29,,2020,7,2020
Private Light Bus,TOYOTA,COASTER LPG LWB,LPG,,LIGHT BUS,5.29,,2019,7,2020
Private Light Bus,TOYOTA,COASTER AUTO DIESEL LWB,Diesel,,LIGHT BUS,5.29,,2020,7,2020
Private Light Bus,TOYOTA,COASTER MANUAL DIESEL LWB,Diesel,,LIGHT BUS,5.29,,2020,7,2020
Public Light Bus,TOYOTA,COASTER LPG LWB,LPG,,LIGHT BUS,5.29,,2020,8,2020
Public Light Bus,TOYOTA,COASTER LPG LWB,LPG,,LIGHT BUS,5.29,,2020,8,2020
Public Light Bus,TOYOTA,COASTER LPG LWB,LPG,,LIGHT BUS,5.29,,2020,8,2020
Public Light Bus,TOYOTA,COASTER LPG LWB,LPG,,LIGHT BUS,5.29,,2020,8,2020
Public Light Bus,TOYOTA,COASTER LPG LWB,LPG,,LIGHT BUS,5.29,,2020,8,2020
Private Light Bus,TOYOTA,COASTER LPG LWB,LPG,,LIGHT BUS,5.29,,2020,8,2020
Private Light Bus,TOYOTA,COASTER MANUAL DIESEL LWB,Diesel,,LIGHT BUS,5.29,,2020,8,2020
Private Light Bus,TOYOTA,COASTER LPG LWB,LPG,,LIGHT BUS,5.29,,2020,8,2020
Private Light Bus,TOYOTA,COASTER LPG LWB,LPG,,LIGHT BUS,5.29,,2019,8,2020
Private Light Bus,TOYOTA,COASTER LPG LWB,LPG,,LIGHT BUS,5.29,,2019,8,2020
Private Light Bus,TOYOTA,COASTER LPG LWB,LPG,,LIGHT BUS,5.29,,2019,8,2020
Private Light Bus,TOYOTA,COASTER LPG LWB,LPG,,LIGHT BUS,5.29,,2020,8,2020
Private Light Bus,TOYOTA,COASTER AUTO DIESEL LWB,Diesel,,LIGHT BUS,5.29,,2020,8,2020
Private Light Bus,MITSUBISHI FUSO,BE641GRMDA,Diesel,,LIGHT BUS,5.5,,2018,8,2020
Private Light Bus,TOYOTA,COASTER MANUAL DIESEL LWB,Diesel,,LIGHT BUS,5.29,,2020,8,2020
Private Light Bus,TOYOTA,COASTER AUTO DIESEL LWB,Diesel,,LIGHT BUS,5.29,,2020,8,2020
Private Light Bus,TOYOTA,COASTER AUTO DIESEL LWB,Diesel,,LIGHT BUS,5.29,,2020,8,2020
Private Light Bus,TOYOTA,COASTER LPG LWB,LPG,,LIGHT BUS,5.29,,2019,8,2020
Public Light Bus,TOYOTA,COASTER LPG LWB,LPG,,LIGHT BUS,5.29,,2020,9,2020
Public Light Bus,TOYOTA,COASTER LPG LWB,LPG,,LIGHT BUS,5.29,,2019,9,2020
Public Light Bus,TOYOTA,COASTER LPG LWB,LPG,,LIGHT BUS,5.29,,2020,9,2020
Public Light Bus,TOYOTA,COASTER LPG LWB,LPG,,LIGHT BUS,5.29,,2020,9,2020
Public Light Bus,TOYOTA,COASTER LPG LWB,LPG,,LIGHT BUS,5.29,,2020,9,2020
Public Light Bus,TOYOTA,COASTER LPG LWB,LPG,,LIGHT BUS,5.29,,2019,9,2020
Public Light Bus,TOYOTA,COASTER LPG LWB,LPG,,LIGHT BUS,5.29,,2020,9,2020
Public Light Bus,TOYOTA,COASTER LPG LWB,LPG,,LIGHT BUS,5.29,,2020,9,2020
Private Light Bus,TOYOTA,COASTER MANUAL DIESEL LWB,Diesel,,LIGHT BUS,5.29,,2020,9,2020
Private Light Bus,MITSUBISHI FUSO,BE641GRMDA,Diesel,,LIGHT BUS,5.5,,2018,9,2020
Private Light Bus,TOYOTA,COASTER LPG LWB,LPG,,LIGHT BUS,5.29,,2019,9,2020
Private Light Bus,TOYOTA,COASTER MANUAL DIESEL LWB,Diesel,,LIGHT BUS,5.29,,2020,9,2020
Private Light Bus,TOYOTA,COASTER LPG LWB,LPG,,LIGHT BUS,5.29,,2019,9,2020
Private Light Bus,TOYOTA,COASTER MANUAL DIESEL LWB,Diesel,,LIGHT BUS,5.29,,2020,9,2020
Private Light Bus,TOYOTA,COASTER AUTO DIESEL LWB,Diesel,,LIGHT BUS,5.29,,2020,9,2020
Private Light Bus,TOYOTA,COASTER AUTO DIESEL LWB,Diesel,,LIGHT BUS,5.29,,2020,9,2020
Private Light Bus,TOYOTA,COASTER AUTO DIESEL LWB,Diesel,,LIGHT BUS,5.29,,2020,9,2020
Private Light Bus,TOYOTA,COASTER LPG LWB,LPG,,LIGHT BUS,5.29,,2019,9,2020
Private Light Bus,TOYOTA,COASTER LPG LWB,LPG,,LIGHT BUS,5.29,,2019,9,2020
Private Light Bus,TOYOTA,COASTER LPG LWB,LPG,,LIGHT BUS,5.29,,2020,9,2020
Private Light Bus,MITSUBISHI FUSO,BE641GRMDA,Diesel,,LIGHT BUS,5.5,,2018,9,2020
Private Light Bus,TOYOTA,COASTER LPG LWB,LPG,,LIGHT BUS,5.29,,2019,9,2020
Private Light Bus,TOYOTA,COASTER MANUAL DIESEL LWB,Diesel,,LIGHT BUS,5.29,,2020,9,2020
Private Light Bus,TOYOTA,COASTER AUTO DIESEL LWB,Diesel,,LIGHT BUS,5.29,,2020,9,2020
Private Light Bus,MITSUBISHI FUSO,BE641GRMDAD,Diesel,,LIGHT BUS,5.5,,2018,9,2020
Private Light Bus,TOYOTA,COASTER MANUAL DIESEL LWB,Diesel,,LIGHT BUS,5.29,,2020,9,2020
Private Light Bus,TOYOTA,COASTER LPG LWB,LPG,,LIGHT BUS,5.29,,2019,9,2020
Private Light Bus,MITSUBISHI FUSO,BE641GRMDA,Diesel,,LIGHT BUS,5.5,,2018,9,2020
Public Light Bus,TOYOTA,COASTER LPG LWB,LPG,,LIGHT BUS,5.29,,2019,10,2020
Public Light Bus,TOYOTA,COASTER LPG LWB,LPG,,LIGHT BUS,5.29,,2019,10,2020
Public Light Bus,TOYOTA,COASTER LPG LWB,LPG,,LIGHT BUS,5.29,,2020,10,2020
Public Light Bus,TOYOTA,COASTER LPG LWB,LPG,,LIGHT BUS,5.29,,2020,10,2020
Public Light Bus,TOYOTA,COASTER LPG LWB,LPG,,LIGHT BUS,5.29,,2019,10,2020
Public Light Bus,TOYOTA,COASTER LPG LWB,LPG,,LIGHT BUS,5.29,,2020,10,2020
Public Light Bus,TOYOTA,COASTER LPG LWB,LPG,,LIGHT BUS,5.29,,2019,10,2020
Public Light Bus,TOYOTA,COASTER LPG LWB,LPG,,LIGHT BUS,5.29,,2020,10,2020
Public Light Bus,TOYOTA,COASTER LPG LWB,LPG,,LIGHT BUS,5.29,,2020,10,2020
Public Light Bus,TOYOTA,COASTER LPG LWB,LPG,,LIGHT BUS,5.29,,2020,10,2020
Private Light Bus,TOYOTA,COASTER LPG LWB,LPG,,LIGHT BUS,5.29,,2020,10,2020
Private Light Bus,TOYOTA,COASTER LPG LWB,LPG,,LIGHT BUS,5.29,,2020,10,2020
Private Light Bus,MITSUBISHI FUSO,BE641GRMDA,Diesel,,LIGHT BUS,5.5,,2018,10,2020
Private Light Bus,TOYOTA,COASTER LPG LWB,LPG,,LIGHT BUS,5.29,,2020,10,2020
Private Light Bus,TOYOTA,COASTER LPG LWB,LPG,,LIGHT BUS,5.29,,2020,10,2020
Private Light Bus,TOYOTA,COASTER LPG LWB,LPG,,LIGHT BUS,5.29,,2020,10,2020
Private Light Bus,TOYOTA,COASTER LPG LWB,LPG,,LIGHT BUS,5.29,,2020,10,2020
Private Light Bus,TOYOTA,COASTER LPG LWB,LPG,,LIGHT BUS,5.29,,2019,10,2020
Private Light Bus,TOYOTA,COASTER MANUAL DIESEL LWB,Diesel,,LIGHT BUS,5.29,,2020,10,2020
Private Light Bus,TOYOTA,COASTER MANUAL DIESEL LWB,Diesel,,LIGHT BUS,5.29,,2020,10,2020
Private Light Bus,TOYOTA,COASTER MANUAL DIESEL LWB,Diesel,,LIGHT BUS,5.29,,2020,10,2020
Private Light Bus,TOYOTA,COASTER LPG LWB,LPG,,LIGHT BUS,5.29,,2019,10,2020
Public Light Bus,TOYOTA,COASTER LPG LWB,LPG,,LIGHT BUS,5.29,,2019,11,2020
Public Light Bus,TOYOTA,COASTER LPG LWB,LPG,,LIGHT BUS,5.29,,2020,11,2020
Public Light Bus,TOYOTA,COASTER LPG LWB,LPG,,LIGHT BUS,5.29,,2020,11,2020
Public Light Bus,TOYOTA,COASTER LPG LWB,LPG,,LIGHT BUS,5.29,,2020,11,2020
Public Light Bus,TOYOTA,COASTER LPG LWB,LPG,,LIGHT BUS,5.29,,2020,11,2020
Public Light Bus,TOYOTA,COASTER LPG LWB,LPG,,LIGHT BUS,5.29,,2020,11,2020
Public Light Bus,TOYOTA,COASTER LPG LWB,LPG,,LIGHT BUS,5.29,,2020,11,2020
Public Light Bus,TOYOTA,COASTER LPG LWB,LPG,,LIGHT BUS,5.29,,2020,11,2020
Public Light Bus,TOYOTA,COASTER LPG LWB,LPG,,LIGHT BUS,5.29,,2020,11,2020
Public Light Bus,TOYOTA,COASTER LPG LWB,LPG,,LIGHT BUS,5.29,,2020,11,2020
Public Light Bus,TOYOTA,COASTER LPG LWB,LPG,,LIGHT BUS,5.29,,2020,11,2020
Public Light Bus,TOYOTA,COASTER LPG LWB,LPG,,LIGHT BUS,5.29,,2020,11,2020
Private Light Bus,TOYOTA,COASTER LPG LWB,LPG,,LIGHT BUS,5.29,,2020,11,2020
Private Light Bus,TOYOTA,COASTER MANUAL DIESEL LWB,Diesel,,LIGHT BUS,5.29,,2020,11,2020
Private Light Bus,TOYOTA,COASTER LPG LWB,LPG,,LIGHT BUS,5.29,,2020,11,2020
Private Light Bus,TOYOTA,COASTER LPG LWB,LPG,,LIGHT BUS,5.29,,2020,11,2020
Private Light Bus,TOYOTA,COASTER AUTO DIESEL LWB,Diesel,,LIGHT BUS,5.29,,2019,11,2020
Private Light Bus,TOYOTA,COASTER LPG LWB,LPG,,LIGHT BUS,5.29,,2020,11,2020
Private Light Bus,TOYOTA,COASTER MANUAL DIESEL LWB,Diesel,,LIGHT BUS,5.29,,2019,11,2020
Private Light Bus,TOYOTA,COASTER LPG LWB,LPG,,LIGHT BUS,5.29,,2020,11,2020
Private Light Bus,TOYOTA,COASTER LPG LWB,LPG,,LIGHT BUS,5.29,,2020,11,2020
Public Light Bus,TOYOTA,COASTER LPG LWB,LPG,,LIGHT BUS,5.29,,2020,12,2020
Public Light Bus,TOYOTA,COASTER LPG LWB,LPG,,LIGHT BUS,5.29,,2020,12,2020
Public Light Bus,TOYOTA,COASTER MANUAL DIESEL LWB,Diesel,,LIGHT BUS,5.4,,2019,12,2020
Public Light Bus,GMI,GEMINI,Diesel,,LIGHT BUS,7,,2018,12,2020
Public Light Bus,TOYOTA,COASTER LPG LWB,LPG,,LIGHT BUS,5.29,,2020,12,2020
Public Light Bus,TOYOTA,COASTER LPG LWB,LPG,,LIGHT BUS,5.29,,2020,12,2020
Public Light Bus,TOYOTA,COASTER LPG LWB,LPG,,LIGHT BUS,5.29,,2019,12,2020
Public Light Bus,TOYOTA,COASTER LPG LWB,LPG,,LIGHT BUS,5.29,,2020,12,2020
Public Light Bus,TOYOTA,COASTER LPG LWB,LPG,,LIGHT BUS,5.29,,2020,12,2020
Public Light Bus,TOYOTA,COASTER LPG LWB,LPG,,LIGHT BUS,5.29,,2020,12,2020
Public Light Bus,TOYOTA,COASTER LPG LWB,LPG,,LIGHT BUS,5.29,,2020,12,2020
Public Light Bus,TOYOTA,COASTER LPG LWB,LPG,,LIGHT BUS,5.29,,2020,12,2020
Public Light Bus,TOYOTA,COASTER LPG LWB,LPG,,LIGHT BUS,5.29,,2020,12,2020
Public Light Bus,TOYOTA,COASTER LPG LWB,LPG,,LIGHT BUS,5.29,,2020,12,2020
Private Light Bus,TOYOTA,COASTER MANUAL DIESEL LWB,Diesel,,LIGHT BUS,5.29,,2020,12,2020
Private Light Bus,TOYOTA,COASTER LPG LWB,LPG,,LIGHT BUS,5.29,,2020,12,2020
Private Light Bus,FORD,TRANSIT 2.0 MCA AT,Diesel,,LIGHT BUS,3.4,,2018,12,2020
Public Light Bus,TOYOTA,COASTER LPG LWB,LPG,,LIGHT BUS,5.29,,2020,1,2021
Public Light Bus,TOYOTA,COASTER MANUAL DIESEL LWB,Diesel,,LIGHT BUS,5.4,,2019,1,2021
Public Light Bus,TOYOTA,COASTER LPG LWB,LPG,,LIGHT BUS,5.29,,2020,1,2021
Public Light Bus,GMI,GEMINI,Diesel,,LIGHT BUS,7,,2018,1,2021
Public Light Bus,TOYOTA,COASTER LPG LWB,LPG,,LIGHT BUS,5.29,,2020,1,2021
Public Light Bus,TOYOTA,COASTER LPG LWB,LPG,,LIGHT BUS,5.29,,2020,1,2021
Private Light Bus,TOYOTA,COASTER AUTO DIESEL LWB,Diesel,,LIGHT BUS,5.29,,2020,1,2021
Private Light Bus,TOYOTA,COASTER LPG LWB,LPG,,LIGHT BUS,5.29,,2020,1,2021
Private Light Bus,TOYOTA,COASTER MANUAL DIESEL LWB,Diesel,,LIGHT BUS,5.29,,2020,1,2021
Public Light Bus,TOYOTA,COASTER LPG LWB,LPG,,LIGHT BUS,5.29,,2020,2,2021
Public Light Bus,TOYOTA,COASTER LPG LWB,LPG,,LIGHT BUS,5.29,,2020,2,2021
Public Light Bus,TOYOTA,COASTER LPG LWB,LPG,,LIGHT BUS,5.29,,2020,2,2021
Public Light Bus,TOYOTA,COASTER LPG LWB,LPG,,LIGHT BUS,5.29,,2020,2,2021
Public Light Bus,TOYOTA,COASTER LPG LWB,LPG,,LIGHT BUS,5.29,,2020,2,2021
Public Light Bus,TOYOTA,COASTER LPG LWB,LPG,,LIGHT BUS,5.29,,2020,2,2021
Public Light Bus,MERCEDES BENZ,516BT EL,Diesel,,LIGHT BUS,5.5,,2017,2,2021
Public Light Bus,TOYOTA,COASTER LPG LWB,LPG,,LIGHT BUS,5.29,,2020,2,2021
Public Light Bus,TOYOTA,COASTER LPG LWB,LPG,,LIGHT BUS,5.29,,2020,2,2021
Private Light Bus,MITSUBISHI FUSO,BE641GRMDAE,Diesel,,LIGHT BUS,5.5,,2020,2,2021
Private Light Bus,MITSUBISHI FUSO,BE641GRMDAE,Diesel,,LIGHT BUS,5.5,,2020,2,2021
Private Light Bus,TOYOTA,COASTER LPG LWB,LPG,,LIGHT BUS,5.29,,2020,2,2021
Private Light Bus,TOYOTA,COASTER LPG LWB,LPG,,LIGHT BUS,5.29,,2020,2,2021
Private Light Bus,TOYOTA,COASTER LPG LWB,LPG,,LIGHT BUS,5.29,,2020,2,2021
Private Light Bus,TOYOTA,COASTER LPG LWB,LPG,,LIGHT BUS,5.29,,2020,2,2021
Private Light Bus,MITSUBISHI FUSO,BE641GRMDAE,Diesel,,LIGHT BUS,5.5,,2020,2,2021
Private Light Bus,MITSUBISHI FUSO,BE641GRMDAE,Diesel,,LIGHT BUS,5.5,,2020,2,2021
Private Light Bus,TOYOTA,COASTER MANUAL DIESEL LWB,Diesel,,LIGHT BUS,5.29,,2020,2,2021
Private Light Bus,MITSUBISHI FUSO,BE641GRMDAD,Diesel,,LIGHT BUS,5.5,,2019,2,2021
Private Light Bus,MITSUBISHI FUSO,BE641GRMDAE,Diesel,,LIGHT BUS,5.5,,2020,2,2021
Private Light Bus,MITSUBISHI FUSO,BE641GRMDAD,Diesel,,LIGHT BUS,5.5,,2020,2,2021
Public Light Bus,TOYOTA,COASTER MANUAL DIESEL LWB,Diesel,,LIGHT BUS,5.29,,2017,3,2021
Public Light Bus,TOYOTA,COASTER LPG LWB,LPG,,LIGHT BUS,5.29,,2020,3,2021
Public Light Bus,TOYOTA,COASTER LPG LWB,LPG,,LIGHT BUS,5.29,,2020,3,2021
Public Light Bus,TOYOTA,COASTER LPG LWB,LPG,,LIGHT BUS,5.29,,2020,3,2021
Public Light Bus,TOYOTA,COASTER LPG LWB,LPG,,LIGHT BUS,5.29,,2020,3,2021
Public Light Bus,TOYOTA,COASTER LPG LWB,LPG,,LIGHT BUS,5.29,,2020,3,2021
Public Light Bus,TOYOTA,COASTER LPG LWB,LPG,,LIGHT BUS,5.29,,2020,3,2021
Public Light Bus,TOYOTA,COASTER LPG LWB,LPG,,LIGHT BUS,-,,2020,3,2021
Public Light Bus,TOYOTA,COASTER LPG LWB,LPG,,LIGHT BUS,5.29,,2020,3,2021
Private Light Bus,TOYOTA,COASTER LPG LWB,LPG,,LIGHT BUS,5.29,,2020,3,2021
Private Light Bus,MITSUBISHI FUSO,BE641GRMDAE,Diesel,,LIGHT BUS,5.5,,2019,3,2021
Private Light Bus,TOYOTA,COASTER LPG LWB,LPG,,LIGHT BUS,5.29,,2020,3,2021
Private Light Bus,TOYOTA,COASTER LPG LWB,LPG,,LIGHT BUS,5.29,,2020,3,2021
Private Light Bus,TOYOTA,COASTER LPG LWB,LPG,,LIGHT BUS,5.29,,2020,3,2021
Private Light Bus,TOYOTA,COASTER LPG LWB,LPG,,LIGHT BUS,5.29,,2020,3,2021
Private Light Bus,TOYOTA,COASTER LPG LWB,LPG,,LIGHT BUS,5.29,,2020,3,2021
Public Light Bus,TOYOTA,COASTER LPG LWB,LPG,,LIGHT BUS,5.29,,2020,4,2021
Public Light Bus,TOYOTA,COASTER LPG LWB,LPG,,LIGHT BUS,5.29,,2020,4,2021
Public Light Bus,TOYOTA,COASTER LPG LWB,LPG,,LIGHT BUS,5.29,,2020,4,2021
Public Light Bus,TOYOTA,COASTER LPG LWB,LPG,,LIGHT BUS,5.29,,2020,4,2021
Public Light Bus,TOYOTA,COASTER LPG LWB,LPG,,LIGHT BUS,5.29,,2020,4,2021
Public Light Bus,TOYOTA,COASTER LPG LWB,LPG,,LIGHT BUS,5.29,,2020,4,2021
Public Light Bus,TOYOTA,COASTER LPG LWB,LPG,,LIGHT BUS,5.29,,2020,4,2021
Public Light Bus,TOYOTA,COASTER LPG LWB,LPG,,LIGHT BUS,5.29,,2020,4,2021
Public Light Bus,TOYOTA,COASTER LPG LWB,LPG,,LIGHT BUS,5.29,,2020,4,2021
Public Light Bus,TOYOTA,COASTER LPG LWB,LPG,,LIGHT BUS,5.29,,2020,4,2021
Public Light Bus,TOYOTA,COASTER LPG LWB,LPG,,LIGHT BUS,5.29,,2020,4,2021
Private Light Bus,MITSUBISHI FUSO,BE641GRMDAD,Diesel,,LIGHT BUS,5.5,,2020,4,2021
Private Light Bus,TOYOTA,COASTER LPG LWB,LPG,,LIGHT BUS,5.29,,2019,4,2021
Private Light Bus,MITSUBISHI FUSO,BE641GRMDAD,Diesel,,LIGHT BUS,5.5,,2019,4,2021
Private Light Bus,TOYOTA,COASTER LPG LWB,LPG,,LIGHT BUS,5.29,,2020,4,2021
Private Light Bus,TOYOTA,COASTER LPG LWB,LPG,,LIGHT BUS,5.29,,2020,4,2021
Private Light Bus,TOYOTA,COASTER LPG LWB,LPG,,LIGHT BUS,5.29,,2020,4,2021
Public Light Bus,TOYOTA,COASTER LPG LWB,LPG,,LIGHT BUS,5.29,,2020,5,2021
Public Light Bus,TOYOTA,COASTER LPG LWB,LPG,,LIGHT BUS,5.29,,2020,5,2021
Public Light Bus,TOYOTA,COASTER LPG LWB,LPG,,LIGHT BUS,5.29,,2020,5,2021
Public Light Bus,TOYOTA,COASTER LPG LWB,LPG,,LIGHT BUS,5.29,,2020,5,2021
Public Light Bus,TOYOTA,COASTER LPG LWB,LPG,,LIGHT BUS,5.29,,2020,5,2021
Public Light Bus,TOYOTA,COASTER LPG LWB,LPG,,LIGHT BUS,5.29,,2020,5,2021
Public Light Bus,TOYOTA,COASTER LPG LWB,LPG,,LIGHT BUS,5.29,,2020,5,2021
Public Light Bus,GMI,GEMINI,Diesel,,LIGHT BUS,7,,2020,5,2021
Public Light Bus,TOYOTA,COASTER LPG LWB,LPG,,LIGHT BUS,5.29,,2020,5,2021
Public Light Bus,TOYOTA,COASTER LPG LWB,LPG,,LIGHT BUS,5.29,,2020,5,2021
Public Light Bus,TOYOTA,COASTER LPG LWB,LPG,,LIGHT BUS,5.29,,2020,5,2021
Public Light Bus,TOYOTA,COASTER LPG LWB,LPG,,LIGHT BUS,5.29,,2020,5,2021
Public Light Bus,TOYOTA,COASTER LPG LWB,LPG,,LIGHT BUS,5.29,,2020,5,2021
Public Light Bus,GMI,GEMINI,Diesel,,LIGHT BUS,7,,2019,5,2021
Public Light Bus,TOYOTA,COASTER LPG LWB,LPG,,LIGHT BUS,5.29,,2020,5,2021
Public Light Bus,TOYOTA,COASTER LPG LWB,LPG,,LIGHT BUS,5.29,,2020,5,2021
Public Light Bus,TOYOTA,COASTER LPG LWB,LPG,,LIGHT BUS,5.29,,2020,5,2021
Public Light Bus,TOYOTA,COASTER LPG LWB,LPG,,LIGHT BUS,5.29,,2020,5,2021
Private Light Bus,TOYOTA,COASTER LPG LWB,LPG,,LIGHT BUS,5.29,,2020,5,2021
Private Light Bus,TOYOTA,COASTER MANUAL DIESEL LWB,Diesel,,LIGHT BUS,5.29,,2020,5,2021
Private Light Bus,TOYOTA,COASTER LPG LWB,LPG,,LIGHT BUS,5.29,,2019,5,2021
Private Light Bus,TOYOTA,COASTER MANUAL DIESEL LWB,Diesel,,LIGHT BUS,5.29,,2020,5,2021
Private Light Bus,TOYOTA,COASTER AUTO DIESEL LWB,Diesel,,LIGHT BUS,5.29,,2020,5,2021
Private Light Bus,TOYOTA,COASTER AUTO DIESEL LWB,Diesel,,LIGHT BUS,5.29,,2020,5,2021
Private Light Bus,TOYOTA,COASTER LPG LWB,LPG,,LIGHT BUS,5.29,,2020,5,2021
Private Light Bus,TOYOTA,COASTER MANUAL DIESEL LWB,Diesel,,LIGHT BUS,5.29,,2020,5,2021
Private Light Bus,TOYOTA,COASTER LPG LWB,LPG,,LIGHT BUS,5.29,,2020,5,2021
Private Light Bus,TOYOTA,COASTER AUTO DIESEL LWB,Diesel,,LIGHT BUS,5.29,,2020,5,2021
Private Light Bus,TOYOTA,COASTER LPG LWB,LPG,,LIGHT BUS,5.29,,2020,5,2021
Private Light Bus,TOYOTA,COASTER LPG LWB,LPG,,LIGHT BUS,5.29,,2020,5,2021
Public Light Bus,TOYOTA,COASTER LPG LWB,LPG,,LIGHT BUS,5.29,,2020,6,2021
Public Light Bus,TOYOTA,COASTER LPG LWB,LPG,,LIGHT BUS,5.29,,2020,6,2021
Public Light Bus,TOYOTA,COASTER LPG LWB,LPG,,LIGHT BUS,5.29,,2020,6,2021
Public Light Bus,TOYOTA,COASTER LPG LWB,LPG,,LIGHT BUS,5.29,,2020,6,2021
Public Light Bus,TOYOTA,COASTER LPG LWB,LPG,,LIGHT BUS,5.29,,2020,6,2021
Public Light Bus,TOYOTA,COASTER LPG LWB,LPG,,LIGHT BUS,5.29,,2020,6,2021
Public Light Bus,TOYOTA,COASTER LPG LWB,LPG,,LIGHT BUS,5.29,,2020,6,2021
Public Light Bus,GMI,GEMINI,Diesel,,LIGHT BUS,7,,2020,6,2021
Public Light Bus,GMI,GEMINI,Diesel,,LIGHT BUS,7,,2020,6,2021
Public Light Bus,GMI,GEMINI,Diesel,,LIGHT BUS,7,,2020,6,2021
Public Light Bus,TOYOTA,COASTER LPG LWB,LPG,,LIGHT BUS,5.29,,2020,6,2021
Public Light Bus,TOYOTA,COASTER LPG LWB,LPG,,LIGHT BUS,5.29,,2020,6,2021
Public Light Bus,TOYOTA,COASTER LPG LWB,LPG,,LIGHT BUS,5.29,,2020,6,2021
Public Light Bus,GMI,GEMINI,Diesel,,LIGHT BUS,7,,2020,6,2021
Public Light Bus,TOYOTA,COASTER LPG LWB,LPG,,LIGHT BUS,5.29,,2020,6,2021
Public Light Bus,TOYOTA,COASTER LPG LWB,LPG,,LIGHT BUS,5.29,,2020,6,2021
Public Light Bus,TOYOTA,COASTER LPG LWB,LPG,,LIGHT BUS,5.29,,2020,6,2021
Public Light Bus,TOYOTA,COASTER LPG LWB,LPG,,LIGHT BUS,5.29,,2020,6,2021
Public Light Bus,TOYOTA,COASTER LPG LWB,LPG,,LIGHT BUS,5.29,,2020,6,2021
Public Light Bus,TOYOTA,COASTER LPG LWB,LPG,,LIGHT BUS,5.29,,2020,6,2021
Private Light Bus,TOYOTA,COASTER LPG LWB,LPG,,LIGHT BUS,5.29,,2020,6,2021
Private Light Bus,TOYOTA,COASTER LPG LWB,LPG,,LIGHT BUS,5.29,,2020,6,2021
Private Light Bus,TOYOTA,COASTER LPG LWB,LPG,,LIGHT BUS,5.29,,2020,6,2021
Private Light Bus,TOYOTA,COASTER LPG LWB,LPG,,LIGHT BUS,5.29,,2020,6,2021
Private Light Bus,TOYOTA,COASTER LPG LWB,LPG,,LIGHT BUS,5.29,,2020,6,2021
Private Light Bus,TOYOTA,COASTER MANUAL DIESEL LWB,Diesel,,LIGHT BUS,5.29,,2020,6,2021
Private Light Bus,MITSUBISHI FUSO,BE641GRMDAF,Diesel,,LIGHT BUS,5.69,,2018,6,2021
Private Light Bus,TOYOTA,COASTER AUTO DIESEL LWB,Diesel,,LIGHT BUS,5.29,,2020,6,2021
Private Light Bus,TOYOTA,COASTER LPG LWB,LPG,,LIGHT BUS,5.29,,2020,6,2021
Private Light Bus,TOYOTA,COASTER MANUAL DIESEL LWB,Diesel,,LIGHT BUS,5.29,,2021,6,2021
Private Light Bus,TOYOTA,COASTER LPG LWB,LPG,,LIGHT BUS,5.29,,2020,6,2021
Private Light Bus,TOYOTA,COASTER LPG LWB,LPG,,LIGHT BUS,5.29,,2020,6,2021
Private Light Bus,TOYOTA,COASTER LPG LWB,LPG,,LIGHT BUS,5.29,,2020,6,2021
Public Light Bus,TOYOTA,COASTER LPG LWB,LPG,,LIGHT BUS,5.29,,2020,7,2021
Public Light Bus,TOYOTA,COASTER LPG LWB,LPG,,LIGHT BUS,5.29,,2020,7,2021
Public Light Bus,TOYOTA,COASTER LPG LWB,LPG,,LIGHT BUS,5.29,,2020,7,2021
Public Light Bus,TOYOTA,COASTER LPG LWB,LPG,,LIGHT BUS,5.29,,2020,7,2021
Public Light Bus,TOYOTA,COASTER LPG LWB,LPG,,LIGHT BUS,5.29,,2020,7,2021
Public Light Bus,TOYOTA,COASTER LPG LWB,LPG,,LIGHT BUS,5.29,,2020,7,2021
Public Light Bus,TOYOTA,COASTER LPG LWB,LPG,,LIGHT BUS,5.29,,2020,7,2021
Public Light Bus,GMI,GEMINI,Diesel,,LIGHT BUS,7,,2020,7,2021
Public Light Bus,TOYOTA,COASTER LPG LWB,LPG,,LIGHT BUS,5.29,,2020,7,2021
Public Light Bus,TOYOTA,COASTER MANUAL DIESEL LWB,Diesel,,LIGHT BUS,5.4,,2021,7,2021
Public Light Bus,TOYOTA,COASTER LPG LWB,LPG,,LIGHT BUS,5.29,,2020,7,2021
Public Light Bus,TOYOTA,COASTER LPG LWB,LPG,,LIGHT BUS,5.29,,2020,7,2021
Public Light Bus,TOYOTA,COASTER LPG LWB,LPG,,LIGHT BUS,5.29,,2020,7,2021
Public Light Bus,TOYOTA,COASTER LPG LWB,LPG,,LIGHT BUS,5.29,,2020,7,2021
Public Light Bus,TOYOTA,COASTER LPG LWB,LPG,,LIGHT BUS,5.29,,2020,7,2021
Private Light Bus,TOYOTA,COASTER LPG LWB,LPG,,LIGHT BUS,5.29,,2020,7,2021
Private Light Bus,TOYOTA,COASTER LPG LWB,LPG,,LIGHT BUS,5.29,,2020,7,2021
Private Light Bus,TOYOTA,COASTER LPG LWB,LPG,,LIGHT BUS,5.29,,2020,7,2021
Private Light Bus,TOYOTA,COASTER LPG LWB,LPG,,LIGHT BUS,5.29,,2019,7,2021
Private Light Bus,TOYOTA,COASTER LPG LWB,LPG,,LIGHT BUS,5.29,,2020,7,2021
Private Light Bus,TOYOTA,COASTER AUTO DIESEL LWB,Diesel,,LIGHT BUS,5.29,,2021,7,2021
Private Light Bus,TOYOTA,COASTER LPG LWB,LPG,,LIGHT BUS,5.29,,2020,7,2021
Private Light Bus,TOYOTA,COASTER LPG LWB,LPG,,LIGHT BUS,5.29,,2020,7,2021
Private Light Bus,TOYOTA,COASTER LPG LWB,LPG,,LIGHT BUS,5.29,,2020,7,2021
Private Light Bus,TOYOTA,COASTER AUTO DIESEL LWB,Diesel,,LIGHT BUS,5.29,,2020,7,2021
Private Light Bus,TOYOTA,COASTER LPG LWB,LPG,,LIGHT BUS,5.29,,2020,7,2021
Public Light Bus,TOYOTA,COASTER LPG LWB,LPG,,LIGHT BUS,5.29,,2020,8,2021
Public Light Bus,TOYOTA,COASTER LPG LWB,LPG,,LIGHT BUS,5.29,,2020,8,2021
Public Light Bus,TOYOTA,COASTER LPG LWB,LPG,,LIGHT BUS,5.29,,2020,8,2021
Public Light Bus,TOYOTA,COASTER LPG LWB,LPG,,LIGHT BUS,5.29,,2020,8,2021
Public Light Bus,TOYOTA,COASTER LPG LWB,LPG,,LIGHT BUS,5.29,,2020,8,2021
Public Light Bus,TOYOTA,COASTER LPG LWB,LPG,,LIGHT BUS,5.29,,2020,8,2021
Public Light Bus,TOYOTA,COASTER LPG LWB,LPG,,LIGHT BUS,5.29,,2020,8,2021
Public Light Bus,TOYOTA,COASTER LPG LWB,LPG,,LIGHT BUS,5.29,,2020,8,2021
Public Light Bus,TOYOTA,COASTER LPG LWB,LPG,,LIGHT BUS,5.29,,2020,8,2021
Public Light Bus,TOYOTA,COASTER LPG LWB,LPG,,LIGHT BUS,5.29,,2020,8,2021
Private Light Bus,TOYOTA,COASTER LPG LWB,LPG,,LIGHT BUS,5.29,,2020,8,2021
Private Light Bus,TOYOTA,COASTER MANUAL DIESEL LWB,Diesel,,LIGHT BUS,5.29,,2021,8,2021
Private Light Bus,TOYOTA,COASTER LPG LWB,LPG,,LIGHT BUS,5.29,,2020,8,2021
Private Light Bus,TOYOTA,COASTER AUTO DIESEL LWB,Diesel,,LIGHT BUS,5.29,,2021,8,2021
Private Light Bus,TOYOTA,COASTER LPG LWB,LPG,,LIGHT BUS,5.29,,2020,8,2021
Private Light Bus,TOYOTA,COASTER MANUAL DIESEL LWB,Diesel,,LIGHT BUS,5.29,,2021,8,2021
Private Light Bus,TOYOTA,COASTER MANUAL DIESEL LWB,Diesel,,LIGHT BUS,5.29,,2020,8,2021
Private Light Bus,TOYOTA,COASTER LPG LWB,LPG,,LIGHT BUS,5.29,,2020,8,2021
Private Light Bus,MITSUBISHI FUSO,BE641GRMDAD,Diesel,,LIGHT BUS,5.5,,2020,8,2021
Private Light Bus,MITSUBISHI FUSO,BE641GRMDAD,Diesel,,LIGHT BUS,5.5,,2020,8,2021
Private Light Bus,MITSUBISHI FUSO,BE641GRMDAD,Diesel,,LIGHT BUS,5.5,,2020,8,2021
Private Light Bus,MITSUBISHI FUSO,BE641GRMDAD,Diesel,,LIGHT BUS,5.5,,2020,8,2021
Private Light Bus,MITSUBISHI FUSO,BE641GRMDAD,Diesel,,LIGHT BUS,5.5,,2020,8,2021
Private Light Bus,TOYOTA,COASTER LPG LWB,LPG,,LIGHT BUS,5.29,,2020,8,2021
Private Light Bus,TOYOTA,COASTER MANUAL DIESEL LWB,Diesel,,LIGHT BUS,5.29,,2020,8,2021
Private Light Bus,TOYOTA,COASTER LPG LWB,LPG,,LIGHT BUS,5.29,,2020,8,2021
Private Light Bus,TOYOTA,COASTER LPG LWB,LPG,,LIGHT BUS,5.29,,2020,8,2021
Public Light Bus,TOYOTA,COASTER LPG LWB,LPG,,LIGHT BUS,5.29,,2020,9,2021
Public Light Bus,TOYOTA,COASTER LPG LWB,LPG,,LIGHT BUS,5.29,,2020,9,2021
Public Light Bus,TOYOTA,COASTER LPG LWB,LPG,,LIGHT BUS,5.29,,2020,9,2021
Public Light Bus,TOYOTA,COASTER LPG LWB,LPG,,LIGHT BUS,5.29,,2020,9,2021
Public Light Bus,TOYOTA,COASTER LPG LWB,LPG,,LIGHT BUS,5.29,,2020,9,2021
Public Light Bus,TOYOTA,COASTER LPG LWB,LPG,,LIGHT BUS,5.29,,2020,9,2021
Public Light Bus,TOYOTA,COASTER LPG LWB,LPG,,LIGHT BUS,5.29,,2020,9,2021
Public Light Bus,TOYOTA,COASTER LPG LWB,LPG,,LIGHT BUS,5.29,,2020,9,2021
Public Light Bus,TOYOTA,COASTER LPG LWB,LPG,,LIGHT BUS,5.29,,2020,9,2021
Public Light Bus,TOYOTA,COASTER LPG LWB,LPG,,LIGHT BUS,5.29,,2020,9,2021
Public Light Bus,TOYOTA,COASTER LPG LWB,LPG,,LIGHT BUS,5.29,,2020,9,2021
Public Light Bus,TOYOTA,COASTER LPG LWB,LPG,,LIGHT BUS,5.29,,2020,9,2021
Private Light Bus,TOYOTA,COASTER MANUAL DIESEL LWB,Diesel,,LIGHT BUS,5.29,,2021,9,2021
Private Light Bus,TOYOTA,COASTER MANUAL DIESEL LWB,Diesel,,LIGHT BUS,5.29,,2021,9,2021
Private Light Bus,TOYOTA,COASTER MANUAL DIESEL LWB,Diesel,,LIGHT BUS,5.29,,2021,9,2021
Private Light Bus,TOYOTA,COASTER AUTO DIESEL LWB,Diesel,,LIGHT BUS,5.29,,2021,9,2021
Private Light Bus,TOYOTA,COASTER MANUAL DIESEL LWB,Diesel,,LIGHT BUS,5.29,,2021,9,2021
Public Light Bus,TOYOTA,COASTER LPG LWB,LPG,,LIGHT BUS,5.29,,2020,10,2021
Public Light Bus,TOYOTA,COASTER LPG LWB,LPG,,LIGHT BUS,5.29,,2020,10,2021
Public Light Bus,TOYOTA,COASTER LPG LWB,LPG,,LIGHT BUS,5.29,,2020,10,2021
Public Light Bus,TOYOTA,COASTER LPG LWB,LPG,,LIGHT BUS,5.29,,2020,10,2021
Public Light Bus,TOYOTA,COASTER LPG LWB,LPG,,LIGHT BUS,5.29,,2020,10,2021
Public Light Bus,TOYOTA,COASTER LPG LWB,LPG,,LIGHT BUS,5.29,,2020,10,2021
Public Light Bus,TOYOTA,COASTER LPG LWB,LPG,,LIGHT BUS,5.29,,2020,10,2021
Public Light Bus,TOYOTA,COASTER LPG LWB,LPG,,LIGHT BUS,5.29,,2020,10,2021
Public Light Bus,TOYOTA,COASTER LPG LWB,LPG,,LIGHT BUS,5.29,,2020,10,2021
Public Light Bus,TOYOTA,COASTER LPG LWB,LPG,,LIGHT BUS,5.29,,2020,10,2021
Public Light Bus,TOYOTA,COASTER LPG LWB,LPG,,LIGHT BUS,5.29,,2020,10,2021
Public Light Bus,TOYOTA,COASTER LPG LWB,LPG,,LIGHT BUS,5.29,,2020,10,2021
Public Light Bus,TOYOTA,COASTER MANUAL DIESEL LWB,Diesel,,LIGHT BUS,5.4,,2020,10,2021
Public Light Bus,TOYOTA,COASTER LPG LWB,LPG,,LIGHT BUS,5.29,,2020,10,2021
Public Light Bus,TOYOTA,COASTER LPG LWB,LPG,,LIGHT BUS,5.29,,2020,10,2021
Public Light Bus,TOYOTA,COASTER LPG LWB,LPG,,LIGHT BUS,5.29,,2020,10,2021
Public Light Bus,TOYOTA,COASTER LPG LWB,LPG,,LIGHT BUS,5.29,,2020,10,2021
Private Light Bus,MITSUBISHI FUSO,BE641GRMDAE,Diesel,,LIGHT BUS,5.5,,2021,10,2021
Private Light Bus,MITSUBISHI FUSO,BE641GRMDAD,Diesel,,LIGHT BUS,5.5,,2021,10,2021
Private Light Bus,MITSUBISHI FUSO,BE641GRMDAE,Diesel,,LIGHT BUS,5.5,,2021,10,2021
Private Light Bus,MITSUBISHI FUSO,BE641GRMDAD,Diesel,,LIGHT BUS,5.5,,2020,10,2021
Public Light Bus,TOYOTA,COASTER LPG LWB,LPG,,LIGHT BUS,5.29,,2020,11,2021
Public Light Bus,TOYOTA,COASTER LPG LWB,LPG,,LIGHT BUS,5.29,,2020,11,2021
Public Light Bus,TOYOTA,COASTER LPG LWB,LPG,,LIGHT BUS,5.29,,2020,11,2021
Public Light Bus,TOYOTA,COASTER LPG LWB,LPG,,LIGHT BUS,5.29,,2020,11,2021
Public Light Bus,TOYOTA,COASTER LPG LWB,LPG,,LIGHT BUS,5.29,,2020,11,2021
Public Light Bus,TOYOTA,COASTER LPG LWB,LPG,,LIGHT BUS,5.29,,2020,11,2021
Public Light Bus,TOYOTA,COASTER LPG LWB,LPG,,LIGHT BUS,5.29,,2020,11,2021
Public Light Bus,TOYOTA,COASTER LPG LWB,LPG,,LIGHT BUS,5.29,,2020,11,2021
Public Light Bus,TOYOTA,COASTER LPG LWB,LPG,,LIGHT BUS,5.29,,2020,11,2021
Public Light Bus,TOYOTA,COASTER LPG LWB,LPG,,LIGHT BUS,5.29,,2020,11,2021
Public Light Bus,TOYOTA,COASTER LPG LWB,LPG,,LIGHT BUS,5.29,,2020,11,2021
Public Light Bus,TOYOTA,COASTER LPG LWB,LPG,,LIGHT BUS,5.29,,2020,11,2021
Public Light Bus,TOYOTA,COASTER LPG LWB,LPG,,LIGHT BUS,5.29,,2020,11,2021
Public Light Bus,TOYOTA,COASTER LPG LWB,LPG,,LIGHT BUS,5.29,,2020,11,2021
Public Light Bus,TOYOTA,COASTER LPG LWB,LPG,,LIGHT BUS,5.29,,2020,11,2021
Public Light Bus,TOYOTA,COASTER LPG LWB,LPG,,LIGHT BUS,5.29,,2020,11,2021
Public Light Bus,TOYOTA,COASTER LPG LWB,LPG,,LIGHT BUS,5.29,,2020,11,2021
Private Light Bus,MITSUBISHI FUSO,BE641GRMDAE,Diesel,,LIGHT BUS,5.5,,2021,11,2021
Private Light Bus,MITSUBISHI FUSO,BE641GRMDAE,Diesel,,LIGHT BUS,5.5,,2021,11,2021
Private Light Bus,MITSUBISHI FUSO,BE641GRMDAE,Diesel,,LIGHT BUS,5.5,,2021,11,2021
Private Light Bus,MITSUBISHI FUSO,BE641GRMDAE,Diesel,,LIGHT BUS,5.5,,2020,11,2021
Private Light Bus,MITSUBISHI FUSO,BE641GRMDAE,Diesel,,LIGHT BUS,5.5,,2021,11,2021
Private Light Bus,MITSUBISHI FUSO,BE641GRMDAE,Diesel,,LIGHT BUS,5.5,,2021,11,2021
Private Light Bus,MITSUBISHI FUSO,BE641GRMDAD,Diesel,,LIGHT BUS,5.5,,2021,11,2021
Private Light Bus,MITSUBISHI FUSO,BE641GRMDAE,Diesel,,LIGHT BUS,5.5,,2021,11,2021
Private Light Bus,TOYOTA,COASTER AUTO DIESEL LWB,Diesel,,LIGHT BUS,5.29,,2021,11,2021
Public Light Bus,TOYOTA,COASTER LPG LWB,LPG,,LIGHT BUS,5.29,,2020,12,2021
Public Light Bus,TOYOTA,COASTER LPG LWB,LPG,,LIGHT BUS,5.29,,2020,12,2021
Public Light Bus,TOYOTA,COASTER LPG LWB,LPG,,LIGHT BUS,5.29,,2020,12,2021
Public Light Bus,TOYOTA,COASTER LPG LWB,LPG,,LIGHT BUS,5.29,,2020,12,2021
Public Light Bus,TOYOTA,COASTER LPG LWB,LPG,,LIGHT BUS,5.29,,2020,12,2021
Public Light Bus,TOYOTA,COASTER LPG LWB,LPG,,LIGHT BUS,5.29,,2020,12,2021
Public Light Bus,TOYOTA,COASTER LPG LWB,LPG,,LIGHT BUS,5.29,,2020,12,2021
Public Light Bus,TOYOTA,COASTER LPG LWB,LPG,,LIGHT BUS,5.29,,2020,12,2021
Public Light Bus,TOYOTA,COASTER LPG LWB,LPG,,LIGHT BUS,5.29,,2020,12,2021
Public Light Bus,TOYOTA,COASTER LPG LWB,LPG,,LIGHT BUS,5.29,,2020,12,2021
Public Light Bus,TOYOTA,COASTER LPG LWB,LPG,,LIGHT BUS,5.29,,2020,12,2021
Public Light Bus,TOYOTA,COASTER LPG LWB,LPG,,LIGHT BUS,5.29,,2020,12,2021
Public Light Bus,TOYOTA,COASTER LPG LWB,LPG,,LIGHT BUS,5.29,,2020,12,2021
Public Light Bus,TOYOTA,COASTER LPG LWB,LPG,,LIGHT BUS,5.29,,2020,12,2021
Public Light Bus,TOYOTA,COASTER LPG LWB,LPG,,LIGHT BUS,5.29,,2020,12,2021
Private Light Bus,TOYOTA,COASTER MANUAL DIESEL LWB,Diesel,,LIGHT BUS,5.29,,2021,12,2021
Private Light Bus,TOYOTA,COASTER AUTO DIESEL LWB,Diesel,,LIGHT BUS,5.29,,2020,12,2021
Private Light Bus,TOYOTA,COASTER AUTO DIESEL LWB,Diesel,,LIGHT BUS,5.29,,2021,12,2021
Private Light Bus,TOYOTA,COASTER MANUAL DIESEL LWB,Diesel,,LIGHT BUS,5.29,,2021,12,2021
Private Light Bus,TOYOTA,COASTER MANUAL DIESEL LWB,Diesel,,LIGHT BUS,5.29,,2020,12,2021
Private Light Bus,TOYOTA,COASTER MANUAL DIESEL LWB,Diesel,,LIGHT BUS,5.29,,2020,12,2021
Private Light Bus,TOYOTA,COASTER AUTO DIESEL LWB,Diesel,,LIGHT BUS,5.29,,2021,12,2021
Private Light Bus,TOYOTA,COASTER MANUAL DIESEL LWB,Diesel,,LIGHT BUS,5.29,,2021,12,2021
Private Light Bus,TOYOTA,COASTER AUTO DIESEL LWB,Diesel,,LIGHT BUS,5.29,,2021,12,2021
Private Light Bus,TOYOTA,COASTER MANUAL DIESEL LWB,Diesel,,LIGHT BUS,5.29,,2020,12,2021
Public Light Bus,TOYOTA,COASTER LPG LWB,LPG,,LIGHT BUS,5.29,,2020,1,2022
Public Light Bus,TOYOTA,COASTER LPG LWB,LPG,,LIGHT BUS,5.29,,2020,1,2022
Public Light Bus,TOYOTA,COASTER LPG LWB,LPG,,LIGHT BUS,5.29,,2020,1,2022
Public Light Bus,TOYOTA,COASTER LPG LWB,LPG,,LIGHT BUS,5.29,,2020,1,2022
Private Light Bus,TOYOTA,COASTER AUTO DIESEL LWB,Diesel,,LIGHT BUS,5.29,,2021,1,2022
Private Light Bus,MITSUBISHI FUSO,BE641GRMDAD,Diesel,,LIGHT BUS,5.5,,2021,1,2022
Private Light Bus,TOYOTA,COASTER AUTO DIESEL LWB,Diesel,,LIGHT BUS,5.29,,2021,1,2022
Private Light Bus,TOYOTA,COASTER MANUAL DIESEL LWB,Diesel,,LIGHT BUS,5.29,,2021,1,2022
Private Light Bus,TOYOTA,COASTER MANUAL DIESEL LWB,Diesel,,LIGHT BUS,5.29,,2021,1,2022
Private Light Bus,MITSUBISHI FUSO,BE641GRMDAD,Diesel,,LIGHT BUS,5.5,,2021,1,2022
Private Light Bus,TOYOTA,COASTER AUTO DIESEL LWB,Diesel,,LIGHT BUS,5.29,,2020,1,2022
Public Light Bus,TOYOTA,COASTER LPG LWB,LPG,,LIGHT BUS,5.29,,2020,2,2022
Public Light Bus,TOYOTA,COASTER LPG LWB,LPG,,LIGHT BUS,5.29,,2020,2,2022
Public Light Bus,TOYOTA,COASTER LPG LWB,LPG,,LIGHT BUS,5.29,,2020,2,2022
Public Light Bus,TOYOTA,COASTER LPG LWB,LPG,,LIGHT BUS,5.29,,2020,2,2022
Private Light Bus,MITSUBISHI FUSO,BE641GRMDAD,Diesel,,LIGHT BUS,5.5,,2021,2,2022
Private Light Bus,MITSUBISHI FUSO,BE641GRMDAD,Diesel,,LIGHT BUS,5.5,,2021,2,2022
Private Light Bus,MITSUBISHI FUSO,BE641GRMDAD,Diesel,,LIGHT BUS,5.5,,2021,2,2022
Public Light Bus,TOYOTA,COASTER LPG LWB,LPG,,LIGHT BUS,5.29,,2020,3,2022
Public Light Bus,TOYOTA,COASTER LPG LWB,LPG,,LIGHT BUS,5.29,,2020,3,2022
Public Light Bus,TOYOTA,COASTER LPG LWB,LPG,,LIGHT BUS,5.29,,2020,3,2022
Public Light Bus,TOYOTA,COASTER LPG LWB,LPG,,LIGHT BUS,5.29,,2020,3,2022
Public Light Bus,TOYOTA,COASTER LPG LWB,LPG,,LIGHT BUS,5.29,,2020,3,2022
Public Light Bus,TOYOTA,COASTER LPG LWB,LPG,,LIGHT BUS,5.29,,2020,3,2022
Public Light Bus,TOYOTA,COASTER LPG LWB,LPG,,LIGHT BUS,5.29,,2020,3,2022
Public Light Bus,TOYOTA,COASTER LPG LWB,LPG,,LIGHT BUS,5.29,,2020,3,2022
Public Light Bus,TOYOTA,COASTER LPG LWB,LPG,,LIGHT BUS,5.29,,2020,3,2022
Public Light Bus,TOYOTA,COASTER LPG LWB,LPG,,LIGHT BUS,5.29,,2020,3,2022
Private Light Bus,TOYOTA,COASTER MANUAL DIESEL LWB,Diesel,,LIGHT BUS,5.29,,2021,3,2022
Private Light Bus,TOYOTA,COASTER MANUAL DIESEL LWB,Diesel,,LIGHT BUS,5.29,,2021,3,2022
Public Light Bus,TOYOTA,COASTER LPG LWB,LPG,,LIGHT BUS,5.29,,2020,4,2022
Public Light Bus,TOYOTA,COASTER LPG LWB,LPG,,LIGHT BUS,5.29,,2020,4,2022
Public Light Bus,TOYOTA,COASTER LPG LWB,LPG,,LIGHT BUS,5.29,,2020,4,2022
Public Light Bus,TOYOTA,COASTER LPG LWB,LPG,,LIGHT BUS,5.29,,2020,4,2022
Public Light Bus,TOYOTA,COASTER LPG LWB,LPG,,LIGHT BUS,5.29,,2020,4,2022
Private Light Bus,MITSUBISHI FUSO,BE641GRMDAD,Diesel,,LIGHT BUS,5.5,,2021,4,2022
Private Light Bus,TOYOTA,COASTER AUTO DIESEL LWB,Diesel,,LIGHT BUS,5.29,,2022,4,2022
Private Light Bus,MITSUBISHI FUSO,BE641GRMDAD,Diesel,,LIGHT BUS,5.5,,2021,4,2022
Private Light Bus,MITSUBISHI FUSO,BE641GRMDAE,Diesel,,LIGHT BUS,5.5,,2021,4,2022
Private Light Bus,MITSUBISHI FUSO,BE641GRMDAD,Diesel,,LIGHT BUS,5.5,,2021,4,2022
Public Light Bus,TOYOTA,COASTER LPG LWB,LPG,,LIGHT BUS,5.29,,2020,5,2022
Public Light Bus,TOYOTA,COASTER LPG LWB,LPG,,LIGHT BUS,5.29,,2020,5,2022
Public Light Bus,TOYOTA,COASTER LPG LWB,LPG,,LIGHT BUS,5.29,,2020,5,2022
Public Light Bus,TOYOTA,COASTER MANUAL DIESEL LWB,Diesel,,LIGHT BUS,5.4,,2022,5,2022
Public Light Bus,TOYOTA,COASTER LPG LWB,LPG,,LIGHT BUS,5.29,,2020,5,2022
Private Light Bus,TOYOTA,COASTER MANUAL DIESEL LWB,Diesel,,LIGHT BUS,5.29,,2021,5,2022
Private Light Bus,TOYOTA,COASTER MANUAL DIESEL LWB,Diesel,,LIGHT BUS,5.29,,2020,5,2022
Private Light Bus,TOYOTA,COASTER MANUAL DIESEL LWB,Diesel,,LIGHT BUS,5.29,,2021,5,2022
Private Light Bus,TOYOTA,COASTER AUTO DIESEL LWB,Diesel,,LIGHT BUS,5.29,,2020,5,2022
Private Light Bus,TOYOTA,COASTER MANUAL DIESEL LWB,Diesel,,LIGHT BUS,5.29,,2021,5,2022
Private Light Bus,TOYOTA,COASTER LPG LWB,LPG,,LIGHT BUS,5.29,,2020,5,2022
Private Light Bus,MITSUBISHI FUSO,BE641GRMDAE,Diesel,,LIGHT BUS,5.5,,2021,5,2022
Public Light Bus,TOYOTA,COASTER LPG LWB,LPG,,LIGHT BUS,5.29,,2020,6,2022
Public Light Bus,TOYOTA,COASTER LPG LWB,LPG,,LIGHT BUS,5.29,,2020,6,2022
Public Light Bus,TOYOTA,COASTER LPG LWB,LPG,,LIGHT BUS,5.29,,2020,6,2022
Public Light Bus,TOYOTA,COASTER LPG LWB,LPG,,LIGHT BUS,5.29,,2020,6,2022
Public Light Bus,TOYOTA,COASTER MANUAL DIESEL LWB,Diesel,,LIGHT BUS,5.4,,2022,6,2022
Public Light Bus,TOYOTA,COASTER LPG LWB,LPG,,LIGHT BUS,5.29,,2020,6,2022
Public Light Bus,TOYOTA,COASTER LPG LWB,LPG,,LIGHT BUS,5.29,,2020,6,2022
Public Light Bus,TOYOTA,COASTER LPG LWB,LPG,,LIGHT BUS,5.29,,2020,6,2022
Public Light Bus,TOYOTA,COASTER LPG LWB,LPG,,LIGHT BUS,5.29,,2020,6,2022
Public Light Bus,TOYOTA,COASTER LPG LWB,LPG,,LIGHT BUS,5.29,,2020,6,2022
Public Light Bus,TOYOTA,COASTER LPG LWB,LPG,,LIGHT BUS,5.29,,2020,6,2022
Public Light Bus,TOYOTA,COASTER LPG LWB,LPG,,LIGHT BUS,5.29,,2020,6,2022
Public Light Bus,TOYOTA,COASTER LPG LWB,LPG,,LIGHT BUS,5.29,,2020,6,2022
Public Light Bus,TOYOTA,COASTER LPG LWB,LPG,,LIGHT BUS,5.29,,2020,6,2022
Public Light Bus,TOYOTA,COASTER LPG LWB,LPG,,LIGHT BUS,5.29,,2020,6,2022
Public Light Bus,TOYOTA,COASTER LPG LWB,LPG,,LIGHT BUS,5.29,,2020,6,2022
Private Light Bus,MITSUBISHI FUSO,BE641GRMDAE,Diesel,,LIGHT BUS,5.5,,2021,6,2022
Private Light Bus,MITSUBISHI FUSO,BE641GRMDAE,Diesel,,LIGHT BUS,5.5,,2021,6,2022
Private Light Bus,MITSUBISHI FUSO,BE641GRMDAD,Diesel,,LIGHT BUS,5.5,,2021,6,2022
Private Light Bus,TOYOTA,COASTER MANUAL DIESEL LWB,Diesel,,LIGHT BUS,5.29,,2022,6,2022
Private Light Bus,MITSUBISHI FUSO,BE641GRMDAD,Diesel,,LIGHT BUS,5.5,,2021,6,2022
Private Light Bus,MITSUBISHI FUSO,BE641GRMDAE,Diesel,,LIGHT BUS,5.5,,2021,6,2022
Private Light Bus,MITSUBISHI FUSO,BE641GRMDAD,Diesel,,LIGHT BUS,5.5,,2021,6,2022
Public Light Bus,TOYOTA,COASTER LPG LWB,LPG,,LIGHT BUS,5.29,,2020,7,2022
Public Light Bus,TOYOTA,COASTER LPG LWB,LPG,,LIGHT BUS,5.29,,2020,7,2022
Public Light Bus,TOYOTA,COASTER LPG LWB,LPG,,LIGHT BUS,5.29,,2020,7,2022
Public Light Bus,TOYOTA,COASTER LPG LWB,LPG,,LIGHT BUS,5.29,,2020,7,2022
Public Light Bus,TOYOTA,COASTER LPG LWB,LPG,,LIGHT BUS,5.29,,2020,7,2022
Public Light Bus,TOYOTA,COASTER LPG LWB,LPG,,LIGHT BUS,5.29,,2020,7,2022
Public Light Bus,TOYOTA,COASTER LPG LWB,LPG,,LIGHT BUS,5.29,,2020,7,2022
Public Light Bus,TOYOTA,COASTER LPG LWB,LPG,,LIGHT BUS,5.29,,2020,7,2022
Public Light Bus,TOYOTA,COASTER LPG LWB,LPG,,LIGHT BUS,5.29,,2020,7,2022
Public Light Bus,TOYOTA,COASTER LPG LWB,LPG,,LIGHT BUS,5.29,,2020,7,2022
Private Light Bus,MITSUBISHI FUSO,BE641GRMDAE,Diesel,,LIGHT BUS,5.5,,2021,7,2022
Private Light Bus,MITSUBISHI FUSO,BE641GRMDAE,Diesel,,LIGHT BUS,5.5,,2021,7,2022
Public Light Bus,TOYOTA,COASTER LPG LWB,LPG,,LIGHT BUS,5.29,,2020,8,2022
Public Light Bus,TOYOTA,COASTER LPG LWB,LPG,,LIGHT BUS,5.29,,2020,8,2022
Public Light Bus,TOYOTA,COASTER LPG LWB,LPG,,LIGHT BUS,5.29,,2020,8,2022
Public Light Bus,TOYOTA,COASTER LPG LWB,LPG,,LIGHT BUS,5.29,,2020,8,2022
Public Light Bus,TOYOTA,COASTER LPG LWB,LPG,,LIGHT BUS,5.29,,2020,8,2022
Public Light Bus,TOYOTA,COASTER LPG LWB,LPG,,LIGHT BUS,5.29,,2020,8,2022
Public Light Bus,TOYOTA,COASTER LPG LWB,LPG,,LIGHT BUS,5.29,,2020,8,2022
Public Light Bus,TOYOTA,COASTER LPG LWB,LPG,,LIGHT BUS,5.29,,2020,8,2022
Public Light Bus,TOYOTA,COASTER LPG LWB,LPG,,LIGHT BUS,5.29,,2020,8,2022
Public Light Bus,TOYOTA,COASTER LPG LWB,LPG,,LIGHT BUS,5.29,,2020,8,2022
Public Light Bus,TOYOTA,COASTER LPG LWB,LPG,,LIGHT BUS,5.29,,2020,8,2022
Public Light Bus,TOYOTA,COASTER LPG LWB,LPG,,LIGHT BUS,5.29,,2020,8,2022
Public Light Bus,TOYOTA,COASTER LPG LWB,LPG,,LIGHT BUS,5.29,,2020,8,2022
Public Light Bus,TOYOTA,COASTER AUTO DIESEL LWB,Diesel,,LIGHT BUS,5.24,,2022,8,2022
Public Light Bus,TOYOTA,COASTER LPG LWB,LPG,,LIGHT BUS,5.29,,2020,8,2022
Public Light Bus,TOYOTA,COASTER LPG LWB,LPG,,LIGHT BUS,5.29,,2020,8,2022
Private Light Bus,TOYOTA,COASTER MANUAL DIESEL LWB,Diesel,,LIGHT BUS,5.29,,2022,8,2022
Private Light Bus,MITSUBISHI FUSO,BE641GRMDAE,Diesel,,LIGHT BUS,5.5,,2021,8,2022
Private Light Bus,TOYOTA,COASTER MANUAL DIESEL LWB,Diesel,,LIGHT BUS,5.29,,2022,8,2022
Private Light Bus,TOYOTA,COASTER AUTO DIESEL LWB,Diesel,,LIGHT BUS,5.24,,2022,8,2022
Private Light Bus,TOYOTA,COASTER MANUAL DIESEL LWB,Diesel,,LIGHT BUS,5.29,,2022,8,2022
Private Light Bus,TOYOTA,COASTER AUTO DIESEL LWB,Diesel,,LIGHT BUS,5.24,,2022,8,2022
Private Light Bus,TOYOTA,COASTER MANUAL DIESEL LWB,Diesel,,LIGHT BUS,5.29,,2022,8,2022
Private Light Bus,TOYOTA,COASTER MANUAL DIESEL LWB,Diesel,,LIGHT BUS,5.29,,2022,8,2022
Private Light Bus,TOYOTA,COASTER AUTO DIESEL LWB,Diesel,,LIGHT BUS,5.24,,2022,8,2022
Private Light Bus,TOYOTA,COASTER MANUAL DIESEL LWB,Diesel,,LIGHT BUS,5.29,,2022,8,2022
Private Light Bus,TOYOTA,COASTER MANUAL DIESEL LWB,Diesel,,LIGHT BUS,5.29,,2022,8,2022
Private Light Bus,TOYOTA,COASTER AUTO DIESEL LWB,Diesel,,LIGHT BUS,5.24,,2022,8,2022
Private Light Bus,TOYOTA,COASTER AUTO DIESEL LWB,Diesel,,LIGHT BUS,5.24,,2022,8,2022
Private Light Bus,TOYOTA,COASTER AUTO DIESEL LWB,Diesel,,LIGHT BUS,5.24,,2022,8,2022
Private Light Bus,TOYOTA,COASTER MANUAL DIESEL LWB,Diesel,,LIGHT BUS,5.29,,2022,8,2022
Private Light Bus,TOYOTA,COASTER AUTO DIESEL LWB,Diesel,,LIGHT BUS,5.24,,2022,8,2022
Public Light Bus,TOYOTA,COASTER LPG LWB,LPG,,LIGHT BUS,5.29,,2020,9,2022
Public Light Bus,TOYOTA,COASTER LPG LWB,LPG,,LIGHT BUS,5.29,,2020,9,2022
Public Light Bus,TOYOTA,COASTER LPG LWB,LPG,,LIGHT BUS,5.29,,2020,9,2022
Public Light Bus,TOYOTA,COASTER LPG LWB,LPG,,LIGHT BUS,5.29,,2020,9,2022
Public Light Bus,TOYOTA,COASTER LPG LWB,LPG,,LIGHT BUS,5.29,,2020,9,2022
Public Light Bus,TOYOTA,COASTER LPG LWB,LPG,,LIGHT BUS,5.29,,2020,9,2022
Public Light Bus,TOYOTA,COASTER LPG LWB,LPG,,LIGHT BUS,5.29,,2020,9,2022
Public Light Bus,TOYOTA,COASTER MANUAL DIESEL LWB,Diesel,,LIGHT BUS,5.4,,2022,9,2022
Public Light Bus,TOYOTA,COASTER LPG LWB,LPG,,LIGHT BUS,5.29,,2020,9,2022
Public Light Bus,TOYOTA,COASTER LPG LWB,LPG,,LIGHT BUS,5.29,,2020,9,2022
Public Light Bus,TOYOTA,COASTER LPG LWB,LPG,,LIGHT BUS,5.29,,2020,9,2022
Public Light Bus,TOYOTA,COASTER LPG LWB,LPG,,LIGHT BUS,5.29,,2020,9,2022
Public Light Bus,TOYOTA,COASTER LPG LWB,LPG,,LIGHT BUS,5.29,,2020,9,2022
Public Light Bus,TOYOTA,COASTER LPG LWB,LPG,,LIGHT BUS,5.29,,2020,9,2022
Public Light Bus,TOYOTA,COASTER LPG LWB,LPG,,LIGHT BUS,5.29,,2020,9,2022
Public Light Bus,TOYOTA,COASTER LPG LWB,LPG,,LIGHT BUS,5.29,,2020,9,2022
Public Light Bus,TOYOTA,COASTER LPG LWB,LPG,,LIGHT BUS,5.29,,2020,9,2022
Public Light Bus,TOYOTA,COASTER LPG LWB,LPG,,LIGHT BUS,5.29,,2020,9,2022
Public Light Bus,TOYOTA,COASTER LPG LWB,LPG,,LIGHT BUS,5.29,,2020,9,2022
Public Light Bus,TOYOTA,COASTER LPG LWB,LPG,,LIGHT BUS,5.29,,2020,9,2022
Public Light Bus,TOYOTA,COASTER LPG LWB,LPG,,LIGHT BUS,5.29,,2020,9,2022
Private Light Bus,MITSUBISHI FUSO,BE641GRMDAD,Diesel,,LIGHT BUS,5.5,,2021,9,2022
Private Light Bus,MITSUBISHI FUSO,BE641GRMDAE,Diesel,,LIGHT BUS,5.5,,2021,9,2022
Private Light Bus,MITSUBISHI FUSO,BE641GRMDAE,Diesel,,LIGHT BUS,5.5,,2021,9,2022
Private Light Bus,TOYOTA,COASTER MANUAL DIESEL LWB,Diesel,,LIGHT BUS,5.29,,2022,9,2022
Private Light Bus,MITSUBISHI FUSO,BE641GRMDAE,Diesel,,LIGHT BUS,5.5,,2021,9,2022
Public Light Bus,TOYOTA,COASTER LPG LWB,LPG,,LIGHT BUS,5.29,,2020,10,2022
Public Light Bus,TOYOTA,COASTER AUTO DIESEL LWB,Diesel,,LIGHT BUS,5.24,,2022,10,2022
Public Light Bus,TOYOTA,COASTER LPG LWB,LPG,,LIGHT BUS,5.29,,2020,10,2022
Public Light Bus,TOYOTA,COASTER LPG LWB,LPG,,LIGHT BUS,5.29,,2020,10,2022
Public Light Bus,TOYOTA,COASTER LPG LWB,LPG,,LIGHT BUS,5.29,,2020,10,2022
Public Light Bus,TOYOTA,COASTER LPG LWB,LPG,,LIGHT BUS,5.29,,2020,10,2022
Public Light Bus,TOYOTA,COASTER LPG LWB,LPG,,LIGHT BUS,5.29,,2020,10,2022
Public Light Bus,TOYOTA,COASTER LPG LWB,LPG,,LIGHT BUS,5.29,,2020,10,2022
Public Light Bus,TOYOTA,COASTER LPG LWB,LPG,,LIGHT BUS,5.29,,2020,10,2022
Public Light Bus,TOYOTA,COASTER LPG LWB,LPG,,LIGHT BUS,5.29,,2020,10,2022
Public Light Bus,TOYOTA,COASTER LPG LWB,LPG,,LIGHT BUS,5.29,,2020,10,2022
Public Light Bus,TOYOTA,COASTER LPG LWB,LPG,,LIGHT BUS,5.29,,2020,10,2022
Public Light Bus,TOYOTA,COASTER LPG LWB,LPG,,LIGHT BUS,5.29,,2020,10,2022
Public Light Bus,TOYOTA,COASTER LPG LWB,LPG,,LIGHT BUS,5.29,,2020,10,2022
Public Light Bus,TOYOTA,COASTER LPG LWB,LPG,,LIGHT BUS,5.29,,2020,10,2022
Public Light Bus,TOYOTA,COASTER LPG LWB,LPG,,LIGHT BUS,5.29,,2020,10,2022
Public Light Bus,TOYOTA,COASTER LPG LWB,LPG,,LIGHT BUS,5.29,,2020,10,2022
Public Light Bus,TOYOTA,COASTER LPG LWB,LPG,,LIGHT BUS,5.29,,2020,10,2022
Public Light Bus,TOYOTA,COASTER LPG LWB,LPG,,LIGHT BUS,5.29,,2020,10,2022
Private Light Bus,TOYOTA,COASTER MANUAL DIESEL LWB,Diesel,,LIGHT BUS,5.29,,2022,10,2022
Private Light Bus,TOYOTA,COASTER AUTO DIESEL LWB,Diesel,,LIGHT BUS,5.24,,2022,10,2022
Private Light Bus,TOYOTA,COASTER MANUAL DIESEL LWB,Diesel,,LIGHT BUS,5.29,,2022,10,2022
Public Light Bus,TOYOTA,COASTER LPG LWB,LPG,,LIGHT BUS,5.29,,2020,11,2022
Public Light Bus,TOYOTA,COASTER MANUAL DIESEL LWB,Diesel,,LIGHT BUS,5.4,,2022,11,2022
Public Light Bus,TOYOTA,COASTER MANUAL DIESEL LWB,Diesel,,LIGHT BUS,5.4,,2022,11,2022
Public Light Bus,TOYOTA,COASTER LPG LWB,LPG,,LIGHT BUS,5.29,,2020,11,2022
Public Light Bus,TOYOTA,COASTER LPG LWB,LPG,,LIGHT BUS,5.29,,2020,11,2022
Public Light Bus,TOYOTA,COASTER LPG LWB,LPG,,LIGHT BUS,5.29,,2020,11,2022
Public Light Bus,TOYOTA,COASTER AUTO DIESEL LWB,Diesel,,LIGHT BUS,5.24,,2022,11,2022
Public Light Bus,TOYOTA,COASTER AUTO DIESEL LWB,Diesel,,LIGHT BUS,5.24,,2022,11,2022
Public Light Bus,TOYOTA,COASTER LPG LWB,LPG,,LIGHT BUS,5.29,,2020,11,2022
Public Light Bus,TOYOTA,COASTER LPG LWB,LPG,,LIGHT BUS,5.29,,2020,11,2022
Public Light Bus,TOYOTA,COASTER LPG LWB,LPG,,LIGHT BUS,5.29,,2020,11,2022
Public Light Bus,MELLOR COACHCRAFT,ORION,Diesel,,LIGHT BUS,5,,2021,11,2022
Public Light Bus,TOYOTA,COASTER AUTO DIESEL LWB,Diesel,,LIGHT BUS,5.24,,2022,11,2022
Private Light Bus,MITSUBISHI FUSO,BE641GRMDAD,Diesel,,LIGHT BUS,5.5,,2021,11,2022
Private Light Bus,TOYOTA,COASTER MANUAL DIESEL LWB,Diesel,,LIGHT BUS,5.29,,2022,11,2022
Private Light Bus,TOYOTA,COASTER AUTO DIESEL LWB,Diesel,,LIGHT BUS,5.24,,2022,11,2022
Private Light Bus,TOYOTA,COASTER MANUAL DIESEL LWB,Diesel,,LIGHT BUS,5.29,,2022,11,2022
Private Light Bus,TOYOTA,COASTER MANUAL DIESEL LWB,Diesel,,LIGHT BUS,5.29,,2022,11,2022
Private Light Bus,MITSUBISHI FUSO,BE741GRMSDAB,Diesel,,LIGHT BUS,5.24,,2022,11,2022
Private Light Bus,MITSUBISHI FUSO,BE741GRMSDAB,Diesel,,LIGHT BUS,5.24,,2022,11,2022
Private Light Bus,MITSUBISHI FUSO,BE641GRMDAE,Diesel,,LIGHT BUS,5.5,,2021,11,2022
Public Light Bus,TOYOTA,COASTER LPG LWB,LPG,,LIGHT BUS,5.29,,2020,12,2022
Public Light Bus,TOYOTA,COASTER LPG LWB,LPG,,LIGHT BUS,5.29,,2021,12,2022
Public Light Bus,TOYOTA,COASTER AUTO DIESEL LWB,Diesel,,LIGHT BUS,5.24,,2022,12,2022
Public Light Bus,TOYOTA,COASTER LPG LWB,LPG,,LIGHT BUS,5.29,,2020,12,2022
Public Light Bus,TOYOTA,COASTER AUTO DIESEL LWB,Diesel,,LIGHT BUS,5.24,,2022,12,2022
Public Light Bus,TOYOTA,COASTER AUTO DIESEL LWB,Diesel,,LIGHT BUS,5.24,,2022,12,2022
Private Light Bus,TOYOTA,COASTER MANUAL DIESEL LWB,Diesel,,LIGHT BUS,5.29,,2022,12,2022
Private Light Bus,TOYOTA,COASTER MANUAL DIESEL LWB,Diesel,,LIGHT BUS,5.29,,2022,12,2022
Private Light Bus,MITSUBISHI FUSO,BE741GRMSDAB,Diesel,,LIGHT BUS,5.71,,2022,12,2022
Private Light Bus,TOYOTA,COASTER MANUAL DIESEL LWB,Diesel,,LIGHT BUS,5.29,,2022,12,2022
Private Light Bus,TOYOTA,COASTER MANUAL DIESEL LWB,Diesel,,LIGHT BUS,5.29,,2022,12,2022
Public Light Bus,TOYOTA,COASTER AUTO DIESEL LWB,Diesel,,LIGHT BUS,5.24,,2022,1,2023
Public Light Bus,TOYOTA,COASTER AUTO DIESEL LWB,Diesel,,LIGHT BUS,5.24,,2022,1,2023
Public Light Bus,TOYOTA,COASTER AUTO DIESEL LWB,Diesel,,LIGHT BUS,5.24,,2022,1,2023
Public Light Bus,TOYOTA,COASTER LPG LWB,LPG,,LIGHT BUS,5.29,,2020,1,2023
Public Light Bus,TOYOTA,COASTER AUTO DIESEL LWB,Diesel,,LIGHT BUS,5.24,,2022,1,2023
Public Light Bus,TOYOTA,COASTER AUTO DIESEL LWB,Diesel,,LIGHT BUS,5.24,,2022,1,2023
Private Light Bus,TOYOTA,COASTER AUTO DIESEL LWB,Diesel,,LIGHT BUS,5.24,,2022,1,2023
Private Light Bus,TOYOTA,COASTER AUTO DIESEL LWB,Diesel,,LIGHT BUS,5.24,,2022,1,2023
Private Light Bus,MITSUBISHI FUSO,BE741GRMSDAB,Diesel,,LIGHT BUS,5.71,,2022,1,2023
Private Light Bus,MITSUBISHI FUSO,BE741ERMSDAB,Diesel,,LIGHT BUS,5.2,,2022,1,2023
Private Light Bus,TOYOTA,COASTER AUTO DIESEL LWB,Diesel,,LIGHT BUS,5.24,,2022,1,2023
Public Light Bus,TOYOTA,COASTER AUTO DIESEL LWB,Diesel,,LIGHT BUS,5.24,,2023,2,2023
Public Light Bus,TOYOTA,COASTER LPG LWB,LPG,,LIGHT BUS,5.29,,2020,2,2023
Public Light Bus,TOYOTA,COASTER LPG LWB,LPG,,LIGHT BUS,5.29,,2021,2,2023
Public Light Bus,TOYOTA,COASTER MANUAL DIESEL LWB,Diesel,,LIGHT BUS,5.4,,2022,2,2023
Public Light Bus,TOYOTA,COASTER AUTO DIESEL LWB,Diesel,,LIGHT BUS,5.24,,2022,2,2023
Public Light Bus,TOYOTA,COASTER AUTO DIESEL LWB,Diesel,,LIGHT BUS,5.24,,2022,2,2023
Public Light Bus,TOYOTA,COASTER LPG LWB,LPG,,LIGHT BUS,5.29,,2020,2,2023
Public Light Bus,TOYOTA,COASTER AUTO DIESEL LWB,Diesel,,LIGHT BUS,5.24,,2023,2,2023
Public Light Bus,TOYOTA,COASTER AUTO DIESEL LWB,Diesel,,LIGHT BUS,5.24,,2023,2,2023
Private Light Bus,TOYOTA,COASTER AUTO DIESEL LWB,Diesel,,LIGHT BUS,5.24,,2022,2,2023
Private Light Bus,MITSUBISHI FUSO,BE741GRMSDAA,Diesel,,LIGHT BUS,5.69,,2022,2,2023
Private Light Bus,MITSUBISHI FUSO,BE741GRMSDAB,Diesel,,LIGHT BUS,6.1,,2022,2,2023
Private Light Bus,TOYOTA,COASTER MANUAL DIESEL LWB,Diesel,,LIGHT BUS,5.29,,2022,2,2023
Private Light Bus,TOYOTA,COASTER AUTO DIESEL LWB,Diesel,,LIGHT BUS,5.29,,2021,2,2023
Private Light Bus,TOYOTA,COASTER AUTO DIESEL LWB,Diesel,,LIGHT BUS,5.24,,2022,2,2023
Private Light Bus,MITSUBISHI FUSO,BE741GRMSDAB,Diesel,,LIGHT BUS,6.1,,2022,2,2023
Private Light Bus,TOYOTA,COASTER MANUAL DIESEL LWB,Diesel,,LIGHT BUS,5.29,,2022,2,2023
Public Light Bus,TOYOTA,COASTER AUTO DIESEL LWB,Diesel,,LIGHT BUS,5.24,,2022,3,2023
Public Light Bus,TOYOTA,COASTER AUTO DIESEL LWB,Diesel,,LIGHT BUS,5.24,,2022,3,2023
Public Light Bus,MELLOR COACHCRAFT,ORION,Diesel,,LIGHT BUS,5,,2021,3,2023
Public Light Bus,TOYOTA,COASTER AUTO DIESEL LWB,Diesel,,LIGHT BUS,5.24,,2022,3,2023
Public Light Bus,TOYOTA,COASTER AUTO DIESEL LWB,Diesel,,LIGHT BUS,5.24,,2023,3,2023
Public Light Bus,TOYOTA,COASTER AUTO DIESEL LWB,Diesel,,LIGHT BUS,5.24,,2023,3,2023
Public Light Bus,TOYOTA,COASTER LPG LWB,LPG,,LIGHT BUS,5.29,,2020,3,2023
Public Light Bus,TOYOTA,COASTER LPG LWB,LPG,,LIGHT BUS,5.29,,2020,3,2023
Public Light Bus,TOYOTA,COASTER AUTO DIESEL LWB,Diesel,,LIGHT BUS,5.24,,2022,3,2023
Private Light Bus,MITSUBISHI FUSO,BE741GRMSDAA,Diesel,,LIGHT BUS,6.1,,2022,3,2023
Private Light Bus,MITSUBISHI FUSO,BE741GRMSDAA,Diesel,,LIGHT BUS,6.1,,2022,3,2023
Private Light Bus,MITSUBISHI FUSO,BE741GRMSDAB,Diesel,,LIGHT BUS,5.71,,2022,3,2023
Private Light Bus,TOYOTA,COASTER AUTO DIESEL LWB,Diesel,,LIGHT BUS,5.24,,2022,3,2023
Private Light Bus,MITSUBISHI FUSO,BE641GRMDAD,Diesel,,LIGHT BUS,5.5,,2021,3,2023
Private Light Bus,MITSUBISHI FUSO,BE741GRMSDAB,Diesel,,LIGHT BUS,5.71,,2022,3,2023
Public Light Bus,TOYOTA,COASTER AUTO DIESEL LWB,Diesel,,LIGHT BUS,5.24,,2023,4,2023
Public Light Bus,TOYOTA,COASTER AUTO DIESEL LWB,Diesel,,LIGHT BUS,5.24,,2023,4,2023
Public Light Bus,TOYOTA,COASTER AUTO DIESEL LWB,Diesel,,LIGHT BUS,5.24,,2023,4,2023
Public Light Bus,TOYOTA,COASTER AUTO DIESEL LWB,Diesel,,LIGHT BUS,5.24,,2022,4,2023
Public Light Bus,TOYOTA,COASTER LPG LWB,LPG,,LIGHT BUS,5.29,,2020,4,2023
Private Light Bus,TOYOTA,COASTER AUTO DIESEL LWB,Diesel,,LIGHT BUS,5.24,,2022,4,2023
Public Light Bus,TOYOTA,COASTER AUTO DIESEL LWB,Diesel,,LIGHT BUS,5.24,,2022,5,2023
Public Light Bus,TOYOTA,COASTER AUTO DIESEL LWB,Diesel,,LIGHT BUS,5.24,,2023,5,2023
Public Light Bus,TOYOTA,COASTER AUTO DIESEL LWB,Diesel,,LIGHT BUS,5.24,,2023,5,2023
Public Light Bus,TOYOTA,COASTER AUTO DIESEL LWB,Diesel,,LIGHT BUS,5.24,,2022,5,2023
Public Light Bus,TOYOTA,COASTER AUTO DIESEL LWB,Diesel,,LIGHT BUS,5.24,,2022,5,2023
Public Light Bus,TOYOTA,COASTER AUTO DIESEL LWB,Diesel,,LIGHT BUS,5.24,,2022,5,2023
Public Light Bus,TOYOTA,COASTER AUTO DIESEL LWB,Diesel,,LIGHT BUS,5.24,,2022,5,2023
Public Light Bus,TOYOTA,COASTER MANUAL DIESEL LWB,Diesel,,LIGHT BUS,5.4,,2022,5,2023
Public Light Bus,TOYOTA,COASTER LPG LWB,LPG,,LIGHT BUS,5.29,,2020,5,2023
Public Light Bus,TOYOTA,COASTER LPG LWB,LPG,,LIGHT BUS,5.29,,2020,5,2023
Private Light Bus,TOYOTA,COASTER MANUAL DIESEL LWB,Diesel,,LIGHT BUS,5.29,,2022,5,2023
Private Light Bus,TOYOTA,COASTER AUTO DIESEL LWB,Diesel,,LIGHT BUS,5.24,,2022,5,2023
Private Light Bus,MITSUBISHI FUSO,BE741GRMSDAA,Diesel,,LIGHT BUS,6.1,,2022,5,2023
Private Light Bus,MITSUBISHI FUSO,BE741GRMSDAB,Diesel,,LIGHT BUS,6.1,,2022,5,2023
Private Light Bus,TOYOTA,COASTER AUTO DIESEL LWB,Diesel,,LIGHT BUS,5.24,,2022,5,2023
Private Light Bus,TOYOTA,COASTER AUTO DIESEL LWB,Diesel,,LIGHT BUS,5.24,,2022,5,2023
Private Light Bus,TOYOTA,COASTER AUTO DIESEL LWB,Diesel,,LIGHT BUS,5.24,,2022,5,2023
Public Light Bus,TOYOTA,COASTER AUTO DIESEL LWB,Diesel,,LIGHT BUS,5.24,,2022,6,2023
Public Light Bus,TOYOTA,COASTER LPG LWB,LPG,,LIGHT BUS,5.29,,2020,6,2023
Public Light Bus,TOYOTA,COASTER MANUAL DIESEL LWB,Diesel,,LIGHT BUS,5.4,,2022,6,2023
Public Light Bus,TOYOTA,COASTER AUTO DIESEL LWB,Diesel,,LIGHT BUS,5.24,,2023,6,2023
Public Light Bus,TOYOTA,COASTER LPG LWB,LPG,,LIGHT BUS,5.29,,2020,6,2023
Public Light Bus,TOYOTA,COASTER AUTO DIESEL LWB,Diesel,,LIGHT BUS,5.24,,2023,6,2023
Public Light Bus,TOYOTA,COASTER AUTO DIESEL LWB,Diesel,,LIGHT BUS,5.24,,2022,6,2023
Public Light Bus,TOYOTA,COASTER AUTO DIESEL LWB,Diesel,,LIGHT BUS,5.24,,2023,6,2023
Public Light Bus,TOYOTA,COASTER AUTO DIESEL LWB,Diesel,,LIGHT BUS,5.24,,2022,6,2023
Public Light Bus,TOYOTA,COASTER AUTO DIESEL LWB,Diesel,,LIGHT BUS,5.24,,2023,6,2023
Public Light Bus,TOYOTA,COASTER AUTO DIESEL LWB,Diesel,,LIGHT BUS,5.24,,2022,6,2023
Public Light Bus,TOYOTA,COASTER AUTO DIESEL LWB,Diesel,,LIGHT BUS,5.24,,2023,6,2023
Public Light Bus,TOYOTA,COASTER LPG LWB,LPG,,LIGHT BUS,5.29,,2020,6,2023
Private Light Bus,MITSUBISHI FUSO,BE741GRMSDAA,Diesel,,LIGHT BUS,6.1,,2022,6,2023
Private Light Bus,TOYOTA,COASTER MANUAL DIESEL LWB,Diesel,,LIGHT BUS,5.29,,2022,6,2023
Private Light Bus,MITSUBISHI FUSO,BE741GRMSDAA,Diesel,,LIGHT BUS,6.1,,2022,6,2023
Private Light Bus,MITSUBISHI FUSO,BE741GRMSDAB,Diesel,,LIGHT BUS,6.1,,2022,6,2023
Private Light Bus,TOYOTA,COASTER MANUAL DIESEL LWB,Diesel,,LIGHT BUS,5.29,,2022,6,2023
Private Light Bus,MITSUBISHI FUSO,BE741GRMSDAB,Diesel,,LIGHT BUS,6.1,,2022,6,2023
Private Light Bus,MITSUBISHI FUSO,BE741GRMSDAB,Diesel,,LIGHT BUS,6.1,,2022,6,2023
Private Light Bus,TOYOTA,COASTER MANUAL DIESEL LWB,Diesel,,LIGHT BUS,5.29,,2023,6,2023
Private Light Bus,MITSUBISHI FUSO,BE741GRMSDAB,Diesel,,LIGHT BUS,6.1,,2022,6,2023
Private Light Bus,MITSUBISHI FUSO,BE741GRMSDAB,Diesel,,LIGHT BUS,6.1,,2022,6,2023
Public Light Bus,TOYOTA,COASTER MANUAL DIESEL LWB,Diesel,,LIGHT BUS,5.4,,2023,7,2023
Public Light Bus,TOYOTA,COASTER AUTO DIESEL LWB,Diesel,,LIGHT BUS,5.24,,2023,7,2023
Public Light Bus,TOYOTA,COASTER AUTO DIESEL LWB,Diesel,,LIGHT BUS,5.24,,2022,7,2023
Public Light Bus,TOYOTA,COASTER AUTO DIESEL LWB,Diesel,,LIGHT BUS,5.24,,2022,7,2023
Public Light Bus,TOYOTA,COASTER AUTO DIESEL LWB,Diesel,,LIGHT BUS,5.24,,2023,7,2023
Public Light Bus,TOYOTA,COASTER AUTO DIESEL LWB,Diesel,,LIGHT BUS,5.24,,2023,7,2023
Public Light Bus,TOYOTA,COASTER AUTO DIESEL LWB,Diesel,,LIGHT BUS,5.24,,2023,7,2023
Private Light Bus,MITSUBISHI FUSO,BE741GRMSDAB,Diesel,,LIGHT BUS,6.1,,2022,7,2023
Private Light Bus,MITSUBISHI FUSO,BE741GRMSDAB,Diesel,,LIGHT BUS,6.1,,2023,7,2023
Private Light Bus,MITSUBISHI FUSO,BE741GRMSDAB,Diesel,,LIGHT BUS,6.1,,2022,7,2023
Private Light Bus,TOYOTA,COASTER MANUAL DIESEL LWB,Diesel,,LIGHT BUS,5.29,,2022,7,2023
Private Light Bus,TOYOTA,COASTER AUTO DIESEL LWB,Diesel,,LIGHT BUS,5.24,,2022,7,2023
Private Light Bus,TOYOTA,COASTER MANUAL DIESEL LWB,Diesel,,LIGHT BUS,5.29,,2023,7,2023
Private Light Bus,MITSUBISHI FUSO,BE741GRMSDAB,Diesel,,LIGHT BUS,6.1,,2022,7,2023
Private Light Bus,MITSUBISHI FUSO,BE741GRMSDAB,Diesel,,LIGHT BUS,6.1,,2022,7,2023
Private Light Bus,MITSUBISHI FUSO,BE741GRMSDAB,Diesel,,LIGHT BUS,6.1,,2022,7,2023
Private Light Bus,TOYOTA,COASTER AUTO DIESEL LWB,Diesel,,LIGHT BUS,5.24,,2023,7,2023
Private Light Bus,MITSUBISHI FUSO,BE741GRMSDAB,Diesel,,LIGHT BUS,6.1,,2022,7,2023
Private Light Bus,MITSUBISHI FUSO,BE641GRMDAD,Diesel,,LIGHT BUS,5.5,,2021,7,2023
Public Light Bus,TOYOTA,COASTER AUTO DIESEL LWB,Diesel,,LIGHT BUS,5.24,,2023,8,2023
Public Light Bus,GMI,THOR/GEMINI,Electric,,Light Bus (EX),7,,2020,8,2023
Public Light Bus,TOYOTA,COASTER LPG LWB,LPG,,LIGHT BUS,5.29,,2020,8,2023
Public Light Bus,TOYOTA,COASTER LPG LWB,LPG,,LIGHT BUS,5.29,,2020,8,2023
Public Light Bus,TOYOTA,COASTER AUTO DIESEL LWB,Diesel,,LIGHT BUS,5.24,,2023,8,2023
Public Light Bus,TOYOTA,COASTER AUTO DIESEL LWB,Diesel,,LIGHT BUS,5.24,,2023,8,2023
Public Light Bus,TOYOTA,COASTER LPG LWB,LPG,,LIGHT BUS,5.29,,2020,8,2023
Public Light Bus,TOYOTA,COASTER AUTO DIESEL LWB,Diesel,,LIGHT BUS,5.24,,2023,8,2023
Public Light Bus,TOYOTA,COASTER AUTO DIESEL LWB,Diesel,,LIGHT BUS,5.24,,2023,8,2023
Public Light Bus,TOYOTA,COASTER AUTO DIESEL LWB,Diesel,,LIGHT BUS,5.24,,2023,8,2023
Public Light Bus,MAN,TGE 5.180 4X2 SB,Diesel,,LIGHT BUS,5,,2022,8,2023
Public Light Bus,TOYOTA,COASTER AUTO DIESEL LWB,Diesel,,LIGHT BUS,5.24,,2023,8,2023
Public Light Bus,TOYOTA,COASTER AUTO DIESEL LWB,Diesel,,LIGHT BUS,5.24,,2023,8,2023
Public Light Bus,TOYOTA,COASTER AUTO DIESEL LWB,Diesel,,LIGHT BUS,5.24,,2023,8,2023
Public Light Bus,TOYOTA,COASTER LPG LWB,LPG,,LIGHT BUS,5.29,,2020,8,2023
Public Light Bus,TOYOTA,COASTER AUTO DIESEL LWB,Diesel,,LIGHT BUS,5.24,,2023,8,2023
Public Light Bus,TOYOTA,COASTER MANUAL DIESEL LWB,Diesel,,LIGHT BUS,5.4,,2023,8,2023
Public Light Bus,TOYOTA,COASTER LPG LWB,LPG,,LIGHT BUS,5.29,,2020,8,2023
Public Light Bus,TOYOTA,COASTER AUTO DIESEL LWB,Diesel,,LIGHT BUS,5.24,,2023,8,2023
Public Light Bus,TOYOTA,COASTER MANUAL DIESEL LWB,Diesel,,LIGHT BUS,5.4,,2022,8,2023
Public Light Bus,TOYOTA,COASTER AUTO DIESEL LWB,Diesel,,LIGHT BUS,5.24,,2023,8,2023
Public Light Bus,TOYOTA,COASTER AUTO DIESEL LWB,Diesel,,LIGHT BUS,5.24,,2023,8,2023
Public Light Bus,TOYOTA,COASTER LPG LWB,LPG,,LIGHT BUS,5.29,,2020,8,2023
Public Light Bus,TOYOTA,COASTER AUTO DIESEL LWB,Diesel,,LIGHT BUS,5.24,,2023,8,2023
Public Light Bus,TOYOTA,COASTER AUTO DIESEL LWB,Diesel,,LIGHT BUS,5.24,,2023,8,2023
Public Light Bus,TOYOTA,COASTER AUTO DIESEL LWB,Diesel,,LIGHT BUS,5.24,,2023,8,2023
Private Light Bus,TOYOTA,COASTER MANUAL DIESEL LWB,Diesel,,LIGHT BUS,5.29,,2023,8,2023
Private Light Bus,TOYOTA,COASTER AUTO DIESEL LWB,Diesel,,LIGHT BUS,5.24,,2022,8,2023
Private Light Bus,TOYOTA,COASTER AUTO DIESEL LWB,Diesel,,LIGHT BUS,5.24,,2023,8,2023
Private Light Bus,TOYOTA,COASTER AUTO DIESEL LWB,Diesel,,LIGHT BUS,5.24,,2023,8,2023
Private Light Bus,TOYOTA,COASTER MANUAL DIESEL LWB,Diesel,,LIGHT BUS,5.29,,2023,8,2023
Private Light Bus,TOYOTA,COASTER AUTO DIESEL LWB,Diesel,,LIGHT BUS,5.24,,2022,8,2023
Private Light Bus,TOYOTA,COASTER AUTO DIESEL LWB,Diesel,,LIGHT BUS,5.24,,2022,8,2023
Private Light Bus,TOYOTA,COASTER AUTO DIESEL LWB,Diesel,,LIGHT BUS,5.24,,2023,8,2023
Private Light Bus,MITSUBISHI FUSO,BE741GRMSDAA,Diesel,,LIGHT BUS,6.1,,2022,8,2023
Private Light Bus,MITSUBISHI FUSO,BE741GRMSDAA,Diesel,,LIGHT BUS,6.1,,2022,8,2023
Private Light Bus,TOYOTA,COASTER AUTO DIESEL LWB,Diesel,,LIGHT BUS,5.24,,2022,8,2023
Private Light Bus,MITSUBISHI FUSO,BE741GRMSDAA,Diesel,,LIGHT BUS,6.1,,2022,9,2023
Private Light Bus,GMI,THOR/GEMINI,Electric,,Light Bus (EX),7,,2020,9,2023
Private Light Bus,MITSUBISHI FUSO,BE741GRMSDAA,Diesel,,LIGHT BUS,6.1,,2022,9,2023
Private Light Bus,TOYOTA,COASTER MANUAL DIESEL LWB,Diesel,,LIGHT BUS,5.29,,2023,9,2023
Private Light Bus,MITSUBISHI FUSO,BE741GRMSDAA,Diesel,,LIGHT BUS,6.1,,2022,9,2023
Public Light Bus,TOYOTA,COASTER LPG LWB,LPG,,LIGHT BUS,5.29,,2020,10,2023
Public Light Bus,TOYOTA,COASTER AUTO DIESEL LWB,Diesel,,LIGHT BUS,5.24,,2023,10,2023
Private Light Bus,TOYOTA,COASTER MANUAL DIESEL LWB,Diesel,,LIGHT BUS,5.29,,2023,10,2023
Private Light Bus,TOYOTA,COASTER AUTO DIESEL LWB,Diesel,,LIGHT BUS,5.24,,2022,10,2023
Private Light Bus,TOYOTA,COASTER AUTO DIESEL LWB,Diesel,,LIGHT BUS,5.24,,2023,10,2023
Private Light Bus,MITSUBISHI FUSO,BE741GRMSDAA,Diesel,,LIGHT BUS,6.1,,2022,10,2023
Private Light Bus,TOYOTA,COASTER AUTO DIESEL LWB,Diesel,,LIGHT BUS,5.24,,2023,10,2023
Private Light Bus,TOYOTA,COASTER AUTO DIESEL LWB,Diesel,,LIGHT BUS,5.24,,2022,10,2023
Public Light Bus,TOYOTA,COASTER AUTO DIESEL LWB,Diesel,,LIGHT BUS,5.24,,2023,11,2023
Public Light Bus,TOYOTA,COASTER AUTO DIESEL LWB,Diesel,,LIGHT BUS,5.24,,2023,11,2023
Public Light Bus,TOYOTA,COASTER AUTO DIESEL LWB,Diesel,,LIGHT BUS,5.24,,2023,11,2023
Public Light Bus,TOYOTA,COASTER AUTO DIESEL LWB,Diesel,,LIGHT BUS,5.24,,2023,11,2023
Public Light Bus,TOYOTA,COASTER AUTO DIESEL LWB,Diesel,,LIGHT BUS,5.24,,2023,11,2023
Public Light Bus,GMI,GEMINI,Diesel,,LIGHT BUS,7,,2021,11,2023
Public Light Bus,TOYOTA,COASTER LPG LWB,LPG,,LIGHT BUS,5.29,,2020,11,2023
Public Light Bus,TOYOTA,COASTER AUTO DIESEL LWB,Diesel,,LIGHT BUS,5.24,,2023,11,2023
Public Light Bus,TOYOTA,COASTER AUTO DIESEL LWB,Diesel,,LIGHT BUS,5.24,,2023,11,2023
Private Light Bus,TOYOTA,COASTER MANUAL DIESEL LWB,Diesel,,LIGHT BUS,5.29,,2022,11,2023
Private Light Bus,TOYOTA,COASTER AUTO DIESEL LWB,Diesel,,LIGHT BUS,5.24,,2023,11,2023
Private Light Bus,MITSUBISHI FUSO,BE741GRMSDAB,Diesel,,LIGHT BUS,6.1,,2023,11,2023
Private Light Bus,MITSUBISHI FUSO,BE741GRMSDAB,Diesel,,LIGHT BUS,6.1,,2023,11,2023
Private Light Bus,MITSUBISHI FUSO,BE741GRMSDAB,Diesel,,LIGHT BUS,6.1,,2023,11,2023
Private Light Bus,MITSUBISHI FUSO,BE741GRMSDAB,Diesel,,LIGHT BUS,6.1,,2023,11,2023
Public Light Bus,TOYOTA,COASTER AUTO DIESEL LWB,Diesel,,LIGHT BUS,5.24,,2023,12,2023
Public Light Bus,TOYOTA,COASTER AUTO DIESEL LWB,Diesel,,LIGHT BUS,5.24,,2023,12,2023
Public Light Bus,TOYOTA,COASTER AUTO DIESEL LWB,Diesel,,LIGHT BUS,5.24,,2023,12,2023
Public Light Bus,TOYOTA,COASTER MANUAL DIESEL LWB,Diesel,,LIGHT BUS,5.4,,2023,12,2023
Public Light Bus,TOYOTA,COASTER MANUAL DIESEL LWB,Diesel,,LIGHT BUS,5.4,,2023,12,2023
Public Light Bus,TOYOTA,COASTER AUTO DIESEL LWB,Diesel,,LIGHT BUS,5.24,,2023,12,2023
Public Light Bus,TOYOTA,COASTER AUTO DIESEL LWB,Diesel,,LIGHT BUS,5.24,,2023,12,2023
Public Light Bus,TOYOTA,COASTER AUTO DIESEL LWB,Diesel,,LIGHT BUS,5.24,,2023,12,2023
Public Light Bus,TOYOTA,COASTER LPG LWB,LPG,,LIGHT BUS,5.29,,2020,12,2023
Public Light Bus,TOYOTA,COASTER AUTO DIESEL LWB,Diesel,,LIGHT BUS,5.24,,2023,12,2023
Public Light Bus,TOYOTA,COASTER AUTO DIESEL LWB,Diesel,,LIGHT BUS,5.24,,2023,12,2023
Public Light Bus,TOYOTA,COASTER AUTO DIESEL LWB,Diesel,,LIGHT BUS,5.24,,2023,12,2023
Public Light Bus,TOYOTA,COASTER AUTO DIESEL LWB,Diesel,,LIGHT BUS,5.24,,2023,12,2023
Public Light Bus,TOYOTA,COASTER AUTO DIESEL LWB,Diesel,,LIGHT BUS,5.24,,2023,12,2023
Public Light Bus,TOYOTA,COASTER AUTO DIESEL LWB,Diesel,,LIGHT BUS,5.24,,2023,12,2023
Public Light Bus,TOYOTA,COASTER AUTO DIESEL LWB,Diesel,,LIGHT BUS,5.24,,2023,12,2023
Public Light Bus,TOYOTA,COASTER AUTO DIESEL LWB,Diesel,,LIGHT BUS,5.24,,2023,12,2023
Public Light Bus,TOYOTA,COASTER AUTO DIESEL LWB,Diesel,,LIGHT BUS,5.24,,2023,12,2023
Public Light Bus,TOYOTA,COASTER AUTO DIESEL LWB,Diesel,,LIGHT BUS,5.24,,2023,12,2023
Private Light Bus,TOYOTA,COASTER AUTO DIESEL LWB,Diesel,,LIGHT BUS,5.24,,2023,12,2023
Private Light Bus,MITSUBISHI FUSO,BE741GRMSDAB,Diesel,,LIGHT BUS,6.1,,2023,12,2023
Private Light Bus,TOYOTA,COASTER MANUAL DIESEL LWB,Diesel,,LIGHT BUS,5.29,,2023,12,2023
Private Light Bus,MITSUBISHI FUSO,BE741GRMSDAB,Diesel,,LIGHT BUS,6.1,,2022,12,2023
Private Light Bus,TOYOTA,COASTER AUTO DIESEL LWB,Diesel,,LIGHT BUS,5.24,,2023,12,2023
Public Light Bus,TOYOTA,COASTER AUTO DIESEL LWB,Diesel,,LIGHT BUS,5.24,,2023,1,2024
Public Light Bus,TOYOTA,COASTER AUTO DIESEL LWB,Diesel,,LIGHT BUS,5.24,,2023,1,2024
Public Light Bus,TOYOTA,COASTER LPG LWB,LPG,,LIGHT BUS,5.29,,2020,1,2024
Public Light Bus,TOYOTA,COASTER AUTO DIESEL LWB,Diesel,,LIGHT BUS,5.24,,2023,1,2024
Public Light Bus,TOYOTA,COASTER AUTO DIESEL LWB,Diesel,,LIGHT BUS,5.24,,2023,1,2024
Public Light Bus,TOYOTA,COASTER AUTO DIESEL LWB,Diesel,,LIGHT BUS,5.24,,2023,1,2024
Public Light Bus,GMI,GEMINI,Diesel,,LIGHT BUS,7,,2021,1,2024
Public Light Bus,TOYOTA,COASTER AUTO DIESEL LWB,Diesel,,LIGHT BUS,5.24,,2023,1,2024
Public Light Bus,TOYOTA,COASTER LPG LWB,LPG,,LIGHT BUS,5.29,,2020,1,2024
Public Light Bus,TOYOTA,COASTER AUTO DIESEL LWB,Diesel,,LIGHT BUS,5.24,,2023,1,2024
Public Light Bus,TOYOTA,COASTER AUTO DIESEL LWB,Diesel,,LIGHT BUS,5.24,,2023,1,2024
Public Light Bus,TOYOTA,COASTER AUTO DIESEL LWB,Diesel,,LIGHT BUS,5.24,,2023,1,2024
Public Light Bus,TOYOTA,COASTER AUTO DIESEL LWB,Diesel,,LIGHT BUS,5.24,,2023,1,2024
Public Light Bus,TOYOTA,COASTER AUTO DIESEL LWB,Diesel,,LIGHT BUS,5.24,,2023,1,2024
Public Light Bus,TOYOTA,COASTER AUTO DIESEL LWB,Diesel,,LIGHT BUS,5.24,,2023,1,2024
Public Light Bus,TOYOTA,COASTER LPG LWB,LPG,,LIGHT BUS,5.29,,2020,1,2024
Public Light Bus,TOYOTA,COASTER AUTO DIESEL LWB,Diesel,,LIGHT BUS,5.24,,2023,1,2024
Private Light Bus,MITSUBISHI FUSO,BE741GRMSDAB,Diesel,,LIGHT BUS,6.1,,2022,1,2024
Private Light Bus,MITSUBISHI FUSO,BE741GRMSDAB,Diesel,,LIGHT BUS,6.1,,2022,1,2024
Private Light Bus,MITSUBISHI FUSO,BE741GRMSDAB,Diesel,,LIGHT BUS,6.1,,2022,1,2024
Private Light Bus,MITSUBISHI FUSO,BE741GRMSDAB,Diesel,,LIGHT BUS,6.1,,2022,1,2024
Private Light Bus,MITSUBISHI FUSO,BE741GRMSDAB,Diesel,,LIGHT BUS,6.1,,2022,1,2024
Private Light Bus,MITSUBISHI FUSO,BE741GRMSDAB,Diesel,,LIGHT BUS,6.1,,2022,1,2024
Private Light Bus,MITSUBISHI FUSO,BE741GRMSDAB,Diesel,,LIGHT BUS,6.1,,2022,1,2024
Private Light Bus,MITSUBISHI FUSO,BE741GRMSDAB,Diesel,,LIGHT BUS,6.1,,2022,1,2024
Private Light Bus,MITSUBISHI FUSO,BE741GRMSDAB,Diesel,,LIGHT BUS,6.1,,2022,1,2024
Private Light Bus,MITSUBISHI FUSO,BE741GRMSDAB,Diesel,,LIGHT BUS,6.1,,2022,1,2024
Private Light Bus,MITSUBISHI FUSO,BE741GRMSDAB,Diesel,,LIGHT BUS,6.1,,2022,1,2024
Private Light Bus,TOYOTA,COASTER AUTO DIESEL LWB,Diesel,,LIGHT BUS,5.24,,2023,1,2024
Private Light Bus,MITSUBISHI FUSO,BE741GRMSDAB,Diesel,,LIGHT BUS,6.1,,2022,1,2024
Private Light Bus,MITSUBISHI FUSO,BE741GRMSDAB,Diesel,,LIGHT BUS,6.1,,2022,1,2024
Private Light Bus,MITSUBISHI FUSO,BE741GRMSDAB,Diesel,,LIGHT BUS,6.1,,2022,1,2024
Private Light Bus,TOYOTA,COASTER MANUAL DIESEL LWB,Diesel,,LIGHT BUS,5.29,,2023,1,2024
Private Light Bus,MITSUBISHI FUSO,BE741GRMSDAB,Diesel,,LIGHT BUS,6.1,,2022,1,2024
Private Light Bus,MITSUBISHI FUSO,BE741GRMSDAB,Diesel,,LIGHT BUS,6.1,,2022,1,2024
Private Light Bus,MITSUBISHI FUSO,BE741GRMSDAB,Diesel,,LIGHT BUS,6.1,,2022,1,2024
Private Light Bus,MITSUBISHI FUSO,BE741GRMSDAB,Diesel,,LIGHT BUS,6.1,,2022,1,2024
Private Light Bus,MITSUBISHI FUSO,BE741GRMSDAB,Diesel,,LIGHT BUS,6.1,,2022,1,2024
Private Light Bus,MITSUBISHI FUSO,BE741GRMSDAB,Diesel,,LIGHT BUS,6.1,,2022,1,2024
Private Light Bus,TOYOTA,COASTER MANUAL DIESEL SLWB,Diesel,,LIGHT BUS,5.6,,2023,1,2024
Private Light Bus,MITSUBISHI FUSO,BE741GRMSDAB,Diesel,,LIGHT BUS,6.1,,2022,1,2024
Private Light Bus,MITSUBISHI FUSO,BE741GRMSDAB,Diesel,,LIGHT BUS,6.1,,2022,1,2024
Private Light Bus,MITSUBISHI FUSO,BE741GRMSDAB,Diesel,,LIGHT BUS,6.1,,2022,1,2024
Private Light Bus,MITSUBISHI FUSO,BE741GRMSDAB,Diesel,,LIGHT BUS,6.1,,2022,1,2024
Private Light Bus,MITSUBISHI FUSO,BE741GRMSDAB,Diesel,,LIGHT BUS,6.1,,2022,1,2024
Private Light Bus,TOYOTA,COASTER AUTO DIESEL LWB,Diesel,,LIGHT BUS,5.24,,2023,1,2024
Private Light Bus,TOYOTA,COASTER AUTO DIESEL LWB,Diesel,,LIGHT BUS,5.24,,2022,1,2024
Private Light Bus,MITSUBISHI FUSO,BE741GRMSDAB,Diesel,,LIGHT BUS,6.1,,2022,1,2024
Public Light Bus,TOYOTA,COASTER MANUAL DIESEL LWB,Diesel,,LIGHT BUS,5.4,,2023,2,2024
Public Light Bus,TOYOTA,COASTER AUTO DIESEL LWB,Diesel,,LIGHT BUS,5.24,,2023,2,2024
Public Light Bus,TOYOTA,COASTER AUTO DIESEL LWB,Diesel,,LIGHT BUS,5.24,,2023,2,2024
Public Light Bus,TOYOTA,COASTER AUTO DIESEL LWB,Diesel,,LIGHT BUS,5.24,,2023,2,2024
Public Light Bus,GMI,GEMINI,Diesel,,LIGHT BUS,7,,2021,2,2024
Public Light Bus,TOYOTA,COASTER AUTO DIESEL LWB,Diesel,,LIGHT BUS,5.24,,2023,2,2024
Public Light Bus,GOLDEN DRAGON,XML6701J,Diesel,,LIGHT BUS,6.9,,2019,2,2024
Private Light Bus,MITSUBISHI FUSO,BE741GRMSDAB,Diesel,,LIGHT BUS,6.1,,2022,2,2024
Private Light Bus,MITSUBISHI FUSO,BE741GRMSDAA,Diesel,,LIGHT BUS,6.1,,2022,2,2024
Private Light Bus,MITSUBISHI FUSO,BE741GRMSDAB,Diesel,,LIGHT BUS,6.1,,2022,2,2024
Private Light Bus,MITSUBISHI FUSO,BE741GRMSDAB,Diesel,,LIGHT BUS,6.1,,2022,2,2024
Private Light Bus,MITSUBISHI FUSO,BE741GRMSDAB,Diesel,,LIGHT BUS,6.1,,2022,2,2024
Private Light Bus,TOYOTA,COASTER AUTO DIESEL LWB,Diesel,,LIGHT BUS,5.24,,2023,2,2024
Private Light Bus,MITSUBISHI FUSO,BE741GRMSDAB,Diesel,,LIGHT BUS,6.1,,2023,2,2024
Private Light Bus,MITSUBISHI FUSO,BE741GRMSDAB,Diesel,,LIGHT BUS,6.1,,2022,2,2024
Public Light Bus,GMI,THOR/GEMINI,Electric,,Light Bus (EX),7,,2020,3,2024
Public Light Bus,TOYOTA,COASTER AUTO DIESEL LWB,Diesel,,LIGHT BUS,5.24,,2023,3,2024
Public Light Bus,TOYOTA,COASTER AUTO DIESEL LWB,Diesel,,LIGHT BUS,5.24,,2023,3,2024
Public Light Bus,TOYOTA,COASTER AUTO DIESEL LWB,Diesel,,LIGHT BUS,5.24,,2023,3,2024
Public Light Bus,TOYOTA,COASTER AUTO DIESEL LWB,Diesel,,LIGHT BUS,5.24,,2023,3,2024
Public Light Bus,GMI,THOR/GEMINI,Electric,,Light Bus (EX),7,,2020,3,2024
Public Light Bus,TOYOTA,COASTER AUTO DIESEL LWB,Diesel,,LIGHT BUS,5.24,,2023,3,2024
Private Light Bus,TOYOTA,COASTER MANUAL DIESEL LWB,Diesel,,LIGHT BUS,5.29,,2023,3,2024
Private Light Bus,TOYOTA,COASTER MANUAL DIESEL LWB,Diesel,,LIGHT BUS,5.29,,2023,3,2024
Private Light Bus,TOYOTA,COASTER MANUAL DIESEL LWB,Diesel,,LIGHT BUS,5.29,,2023,3,2024
Private Light Bus,MAN,TGE 6.180 4X2 SB,Diesel,,LIGHT BUS,5,,2020,3,2024
Private Light Bus,TOYOTA,COASTER MANUAL DIESEL LWB,Diesel,,LIGHT BUS,5.29,,2023,3,2024
Private Light Bus,TOYOTA,COASTER AUTO DIESEL LWB,Diesel,,LIGHT BUS,5.24,,2023,3,2024
Private Light Bus,TOYOTA,COASTER AUTO DIESEL LWB,Diesel,,LIGHT BUS,5.24,,2023,3,2024
Public Light Bus,TOYOTA,COASTER AUTO DIESEL LWB,Diesel,,LIGHT BUS,5.24,,2024,4,2024
Public Light Bus,TOYOTA,COASTER AUTO DIESEL LWB,Diesel,,LIGHT BUS,5.24,,2024,4,2024
Public Light Bus,TOYOTA,COASTER AUTO DIESEL LWB,Diesel,,LIGHT BUS,5.24,,2024,4,2024
Public Light Bus,TOYOTA,COASTER AUTO DIESEL LWB,Diesel,,LIGHT BUS,5.24,,2024,4,2024
Public Light Bus,TOYOTA,COASTER AUTO DIESEL LWB,Diesel,,LIGHT BUS,5.24,,2024,4,2024
Public Light Bus,TOYOTA,COASTER MANUAL DIESEL LWB,Diesel,,LIGHT BUS,5.4,,2024,4,2024
Public Light Bus,TOYOTA,COASTER AUTO DIESEL LWB,Diesel,,LIGHT BUS,5.24,,2024,4,2024
Private Light Bus,TOYOTA,COASTER AUTO DIESEL LWB,Diesel,,LIGHT BUS,5.24,,2023,4,2024
Private Light Bus,TOYOTA,COASTER AUTO DIESEL LWB,Diesel,,LIGHT BUS,5.24,,2023,4,2024
Private Light Bus,MITSUBISHI FUSO,BE741GRMSDAB,Diesel,,LIGHT BUS,6.1,,2023,4,2024
Private Light Bus,TOYOTA,COASTER AUTO DIESEL LWB,Diesel,,LIGHT BUS,5.24,,2023,4,2024
Private Light Bus,MITSUBISHI FUSO,BE741GRMSDAB,Diesel,,LIGHT BUS,6.1,,2023,4,2024
Private Light Bus,GUANG TONG,MOONCA,Electric,,Light Bus (EX),8.5,,2023,4,2024
Private Light Bus,MITSUBISHI FUSO,BE741GRMSDAB,Diesel,,LIGHT BUS,6.1,,2023,4,2024
Public Light Bus,TOYOTA,COASTER MANUAL DIESEL LWB,Diesel,,LIGHT BUS,5.4,,2024,5,2024
Public Light Bus,TOYOTA,COASTER AUTO DIESEL LWB,Diesel,,LIGHT BUS,5.24,,2024,5,2024
Public Light Bus,TOYOTA,COASTER AUTO DIESEL LWB,Diesel,,LIGHT BUS,5.24,,2024,5,2024
Public Light Bus,TOYOTA,COASTER AUTO DIESEL LWB,Diesel,,LIGHT BUS,5.24,,2024,5,2024
Public Light Bus,TOYOTA,COASTER AUTO DIESEL LWB,Diesel,,LIGHT BUS,5.24,,2024,5,2024
Public Light Bus,TOYOTA,COASTER AUTO DIESEL LWB,Diesel,,LIGHT BUS,5.24,,2023,5,2024
Public Light Bus,TOYOTA,COASTER AUTO DIESEL LWB,Diesel,,LIGHT BUS,5.24,,2024,5,2024
Public Light Bus,TOYOTA,COASTER AUTO DIESEL LWB,Diesel,,LIGHT BUS,5.24,,2023,5,2024
Public Light Bus,TOYOTA,COASTER AUTO DIESEL LWB,Diesel,,LIGHT BUS,5.24,,2024,5,2024
Private Light Bus,MITSUBISHI FUSO,BE741GRMSDAA,Diesel,,LIGHT BUS,6.1,,2022,5,2024
Private Light Bus,TOYOTA,COASTER MANUAL DIESEL LWB,Diesel,,LIGHT BUS,5.29,,2024,5,2024
Private Light Bus,MITSUBISHI FUSO,BE741GRMSDAA,Diesel,,LIGHT BUS,6.1,,2022,5,2024
Private Light Bus,MITSUBISHI FUSO,BE741GRMSDAA,Diesel,,LIGHT BUS,6.1,,2022,5,2024
Private Light Bus,TOYOTA,COASTER MANUAL DIESEL LWB,Diesel,,LIGHT BUS,5.29,,2023,5,2024
Public Light Bus,TOYOTA,COASTER AUTO DIESEL LWB,Diesel,,LIGHT BUS,5.24,,2024,6,2024
Public Light Bus,TOYOTA,COASTER AUTO DIESEL LWB,Diesel,,LIGHT BUS,5.24,,2024,6,2024
Public Light Bus,TOYOTA,COASTER MANUAL DIESEL LWB,Diesel,,LIGHT BUS,5.4,,2022,6,2024
Public Light Bus,TOYOTA,COASTER AUTO DIESEL LWB,Diesel,,LIGHT BUS,5.24,,2024,6,2024
Public Light Bus,TOYOTA,COASTER AUTO DIESEL LWB,Diesel,,LIGHT BUS,5.24,,2023,6,2024
Public Light Bus,TOYOTA,COASTER AUTO DIESEL LWB,Diesel,,LIGHT BUS,5.24,,2024,6,2024
Public Light Bus,TOYOTA,COASTER AUTO DIESEL LWB,Diesel,,LIGHT BUS,5.24,,2024,6,2024
Public Light Bus,TOYOTA,COASTER AUTO DIESEL LWB,Diesel,,LIGHT BUS,5.24,,2024,6,2024
Public Light Bus,TOYOTA,COASTER AUTO DIESEL LWB,Diesel,,LIGHT BUS,5.24,,2024,6,2024
Public Light Bus,TOYOTA,COASTER AUTO DIESEL LWB,Diesel,,LIGHT BUS,5.24,,2023,6,2024
Public Light Bus,TOYOTA,COASTER AUTO DIESEL LWB,Diesel,,LIGHT BUS,5.24,,2024,6,2024
Public Light Bus,TOYOTA,COASTER AUTO DIESEL LWB,Diesel,,LIGHT BUS,5.24,,2024,6,2024
Private Light Bus,TOYOTA,COASTER MANUAL DIESEL LWB,Diesel,,LIGHT BUS,5.29,,2023,6,2024
Private Light Bus,MITSUBISHI FUSO,BE741GRMSDAB,Diesel,,LIGHT BUS,6.1,,2023,6,2024
Private Light Bus,MITSUBISHI FUSO,BE741GRMSDAB,Diesel,,LIGHT BUS,6.1,,2023,6,2024
Private Light Bus,TOYOTA,COASTER MANUAL DIESEL LWB,Diesel,,LIGHT BUS,5.29,,2023,6,2024
Private Light Bus,TOYOTA,COASTER MANUAL DIESEL LWB,Diesel,,LIGHT BUS,5.29,,2023,6,2024
Public Light Bus,TOYOTA,COASTER AUTO DIESEL LWB,Diesel,,LIGHT BUS,5.24,,2024,7,2024
Public Light Bus,TOYOTA,COASTER AUTO DIESEL LWB,Diesel,,LIGHT BUS,5.24,,2023,7,2024
Public Light Bus,TOYOTA,COASTER AUTO DIESEL LWB,Diesel,,LIGHT BUS,5.24,,2024,7,2024
Public Light Bus,TOYOTA,COASTER AUTO DIESEL LWB,Diesel,,LIGHT BUS,5.24,,2024,7,2024
Public Light Bus,TOYOTA,COASTER AUTO DIESEL LWB,Diesel,,LIGHT BUS,5.24,,2024,7,2024
Public Light Bus,TOYOTA,COASTER AUTO DIESEL LWB,Diesel,,LIGHT BUS,5.24,,2024,7,2024
Public Light Bus,TOYOTA,COASTER AUTO DIESEL LWB,Diesel,,LIGHT BUS,5.24,,2024,7,2024
Private Light Bus,TOYOTA,COASTER MANUAL DIESEL LWB,Diesel,,LIGHT BUS,5.29,,2023,7,2024
Private Light Bus,TOYOTA,COASTER AUTO DIESEL LWB,Diesel,,LIGHT BUS,5.24,,2024,7,2024
Private Light Bus,MITSUBISHI FUSO,BE741GRMSDAA,Diesel,,LIGHT BUS,6.1,,2023,7,2024
Private Light Bus,TOYOTA,COASTER AUTO DIESEL LWB,Diesel,,LIGHT BUS,5.24,,2024,7,2024
Private Light Bus,TOYOTA,COASTER MANUAL DIESEL LWB,Diesel,,LIGHT BUS,5.29,,2023,7,2024
Public Light Bus,TOYOTA,COASTER LPG LWB,LPG,,LIGHT BUS,5.29,,2020,8,2024
Public Light Bus,TOYOTA,COASTER AUTO DIESEL LWB,Diesel,,LIGHT BUS,5.24,,2024,8,2024
Public Light Bus,TOYOTA,COASTER LPG LWB,LPG,,LIGHT BUS,5.29,,2020,8,2024
Public Light Bus,TOYOTA,COASTER AUTO DIESEL LWB,Diesel,,LIGHT BUS,5.24,,2024,8,2024
Public Light Bus,TOYOTA,COASTER AUTO DIESEL LWB,Diesel,,LIGHT BUS,5.24,,2024,8,2024
Public Light Bus,TOYOTA,COASTER AUTO DIESEL LWB,Diesel,,LIGHT BUS,5.24,,2024,8,2024
Public Light Bus,TOYOTA,COASTER AUTO DIESEL LWB,Diesel,,LIGHT BUS,5.24,,2024,8,2024
Public Light Bus,TOYOTA,COASTER AUTO DIESEL LWB,Diesel,,LIGHT BUS,5.24,,2024,8,2024
Public Light Bus,TOYOTA,COASTER LPG LWB,LPG,,LIGHT BUS,5.29,,2020,8,2024
Public Light Bus,TOYOTA,COASTER AUTO DIESEL LWB,Diesel,,LIGHT BUS,5.24,,2024,8,2024
Public Light Bus,GOLDEN DRAGON,XML6701J,Diesel,,LIGHT BUS,6.9,,2019,8,2024
Public Light Bus,TOYOTA,COASTER AUTO DIESEL LWB,Diesel,,LIGHT BUS,5.24,,2024,8,2024
Public Light Bus,TOYOTA,COASTER LPG LWB,LPG,,LIGHT BUS,5.29,,2020,8,2024
Public Light Bus,TOYOTA,COASTER LPG LWB,LPG,,LIGHT BUS,5.29,,2020,8,2024
Public Light Bus,TOYOTA,COASTER LPG LWB,LPG,,LIGHT BUS,5.29,,2020,8,2024
Public Light Bus,TOYOTA,COASTER AUTO DIESEL LWB,Diesel,,LIGHT BUS,5.24,,2024,8,2024
Public Light Bus,TOYOTA,COASTER AUTO DIESEL LWB,Diesel,,LIGHT BUS,5.24,,2024,8,2024
Public Light Bus,TOYOTA,COASTER LPG LWB,LPG,,LIGHT BUS,5.29,,2020,8,2024
Public Light Bus,TOYOTA,COASTER AUTO DIESEL LWB,Diesel,,LIGHT BUS,5.24,,2023,8,2024
Public Light Bus,TOYOTA,COASTER AUTO DIESEL LWB,Diesel,,LIGHT BUS,5.24,,2024,8,2024
Public Light Bus,TOYOTA,COASTER AUTO DIESEL LWB,Diesel,,LIGHT BUS,5.24,,2024,8,2024
Public Light Bus,TOYOTA,COASTER LPG LWB,LPG,,LIGHT BUS,5.29,,2020,8,2024
Public Light Bus,TOYOTA,COASTER AUTO DIESEL LWB,Diesel,,LIGHT BUS,5.24,,2024,8,2024
Public Light Bus,TOYOTA,COASTER LPG LWB,LPG,,LIGHT BUS,5.29,,2020,8,2024
Public Light Bus,TOYOTA,COASTER LPG LWB,LPG,,LIGHT BUS,5.29,,2020,8,2024
Public Light Bus,TOYOTA,COASTER LPG LWB,LPG,,LIGHT BUS,5.29,,2020,8,2024
Private Light Bus,MITSUBISHI FUSO,BE741GRMSDAA,Diesel,,LIGHT BUS,6.1,,2023,8,2024
Private Light Bus,MAN,TGE 6.180 4X2 SB,Diesel,,LIGHT BUS,5,,2023,8,2024
Private Light Bus,TOYOTA,COASTER MANUAL DIESEL LWB,Diesel,,LIGHT BUS,5.29,,2023,8,2024
Private Light Bus,TOYOTA,COASTER AUTO DIESEL LWB,Diesel,,LIGHT BUS,5.24,,2024,8,2024
Private Light Bus,TOYOTA,COASTER AUTO DIESEL LWB,Diesel,,LIGHT BUS,5.24,,2024,8,2024
Private Light Bus,TOYOTA,COASTER AUTO DIESEL LWB,Diesel,,LIGHT BUS,5.24,,2023,8,2024
Private Light Bus,TOYOTA,COASTER MANUAL DIESEL LWB,Diesel,,LIGHT BUS,5.29,,2024,8,2024
Public Light Bus,TOYOTA,COASTER AUTO DIESEL LWB,Diesel,,LIGHT BUS,5.24,,2024,9,2024
Public Light Bus,TOYOTA,COASTER AUTO DIESEL LWB,Diesel,,LIGHT BUS,5.24,,2024,9,2024
Public Light Bus,TOYOTA,COASTER AUTO DIESEL LWB,Diesel,,LIGHT BUS,5.24,,2024,9,2024
Public Light Bus,TOYOTA,COASTER AUTO DIESEL LWB,Diesel,,LIGHT BUS,5.24,,2024,9,2024
Public Light Bus,GOLDEN DRAGON,XML6701J,Diesel,,LIGHT BUS,6.9,,2019,9,2024
Public Light Bus,TOYOTA,COASTER AUTO DIESEL LWB,Diesel,,LIGHT BUS,5.24,,2024,9,2024
Public Light Bus,TOYOTA,COASTER AUTO DIESEL LWB,Diesel,,LIGHT BUS,5.24,,2024,9,2024
Public Light Bus,TOYOTA,COASTER AUTO DIESEL LWB,Diesel,,LIGHT BUS,5.24,,2024,9,2024
Private Light Bus,MITSUBISHI FUSO,BE741GRMSDAB,Diesel,,LIGHT BUS,6.1,,2023,9,2024
Private Light Bus,TOYOTA,COASTER,Diesel,,LIGHT BUS,5.29,,2024,9,2024
Private Light Bus,TOYOTA,COASTER MANUAL DIESEL LWB,Diesel,,LIGHT BUS,5.29,,2024,9,2024
Private Light Bus,MITSUBISHI FUSO,BE741GRMSDAB,Diesel,,LIGHT BUS,6.1,,2023,9,2024
Private Light Bus,TOYOTA,COASTER AUTO DIESEL LWB,Diesel,,LIGHT BUS,5.24,,2024,9,2024
Private Light Bus,TOYOTA,COASTER MANUAL DIESEL LWB,Diesel,,LIGHT BUS,5.29,,2024,9,2024
Private Light Bus,TOYOTA,COASTER,Diesel,,LIGHT BUS,5.24,,2023,9,2024
Private Light Bus,TOYOTA,COASTER AUTO DIESEL LWB,Diesel,,LIGHT BUS,5.24,,2024,9,2024
Private Light Bus,TOYOTA,COASTER AUTO DIESEL LWB,Diesel,,LIGHT BUS,5.24,,2024,9,2024
Private Light Bus,TOYOTA,COASTER MANUAL DIESEL LWB,Diesel,,LIGHT BUS,5.29,,2024,9,2024
Public Light Bus,GOLDEN DRAGON,XML6701J,Diesel,,LIGHT BUS,6.9,,2019,10,2024
Public Light Bus,TOYOTA,COASTER AUTO DIESEL LWB,Diesel,,LIGHT BUS,5.24,,2024,10,2024
Public Light Bus,TOYOTA,COASTER AUTO DIESEL LWB,Diesel,,LIGHT BUS,5.24,,2024,10,2024
Public Light Bus,TOYOTA,COASTER,Diesel,,LIGHT BUS,5.24,,2024,10,2024
Public Light Bus,TOYOTA,COASTER MANUAL DIESEL LWB,Diesel,,LIGHT BUS,5.4,,2023,10,2024
Public Light Bus,TOYOTA,COASTER AUTO DIESEL LWB,Diesel,,LIGHT BUS,5.24,,2024,10,2024
Private Light Bus,TOYOTA,COASTER AUTO DIESEL LWB,Diesel,,LIGHT BUS,5.24,,2024,10,2024
Private Light Bus,TOYOTA,COASTER MANUAL DIESEL LWB,Diesel,,LIGHT BUS,5.29,,2024,10,2024
Private Light Bus,TOYOTA,COASTER MANUAL DIESEL LWB,Diesel,,LIGHT BUS,5.29,,2024,10,2024
Private Light Bus,MITSUBISHI FUSO,BE741GRMSDAB,Diesel,,LIGHT BUS,6.1,,2023,10,2024
Private Light Bus,TOYOTA,COASTER AUTO DIESEL LWB,Diesel,,LIGHT BUS,5.24,,2024,10,2024
Private Light Bus,TOYOTA,COASTER AUTO DIESEL LWB,Diesel,,LIGHT BUS,5.24,,2024,10,2024
Private Light Bus,TOYOTA,COASTER AUTO DIESEL LWB,Diesel,,LIGHT BUS,5.24,,2024,10,2024
Private Light Bus,TOYOTA,COASTER MANUAL DIESEL LWB,Diesel,,LIGHT BUS,5.29,,2024,10,2024
Private Light Bus,TOYOTA,COASTER AUTO DIESEL LWB,Diesel,,LIGHT BUS,5.24,,2023,10,2024
Public Light Bus,TOYOTA,COASTER AUTO DIESEL LWB,Diesel,,LIGHT BUS,5.24,,2024,11,2024
Public Light Bus,TOYOTA,COASTER AUTO DIESEL LWB,Diesel,,LIGHT BUS,5.24,,2024,11,2024
Public Light Bus,TOYOTA,COASTER AUTO DIESEL LWB,Diesel,,LIGHT BUS,5.24,,2024,11,2024
Public Light Bus,TOYOTA,COASTER AUTO DIESEL LWB,Diesel,,LIGHT BUS,5.24,,2024,11,2024
Public Light Bus,SUITONG,APEX-MINI,Electric,,Light Bus (EX),8.5,,2022,11,2024
Private Light Bus,MITSUBISHI FUSO,BE741GRMSDAB,Diesel,,LIGHT BUS,6.1,,2023,11,2024
Private Light Bus,MITSUBISHI FUSO,BE741GRMSDAB,Diesel,,LIGHT BUS,6.1,,2023,11,2024
Private Light Bus,MITSUBISHI FUSO,BE741GRMSDAB,Diesel,,LIGHT BUS,6.1,,2023,11,2024
Private Light Bus,MITSUBISHI FUSO,BE741GRMSDAB,Diesel,,LIGHT BUS,6.1,,2023,11,2024
Private Light Bus,MITSUBISHI FUSO,BE741GRMSDAB,Diesel,,LIGHT BUS,6.1,,2023,11,2024
Private Light Bus,MITSUBISHI FUSO,BE741GRMSDAB,Diesel,,LIGHT BUS,6.1,,2023,11,2024
Private Light Bus,MITSUBISHI FUSO,BE741GRMSDAB,Diesel,,LIGHT BUS,6.1,,2023,11,2024
Private Light Bus,MITSUBISHI FUSO,BE741GRMSDAB,Diesel,,LIGHT BUS,6.1,,2023,11,2024
Private Light Bus,MITSUBISHI FUSO,BE741GRMSDAB,Diesel,,LIGHT BUS,6.1,,2023,11,2024
Private Light Bus,MITSUBISHI FUSO,BE741GRMSDAB,Diesel,,LIGHT BUS,6.1,,2023,11,2024
Private Light Bus,MITSUBISHI FUSO,BE741GRMSDAB,Diesel,,LIGHT BUS,6.1,,2023,11,2024
Private Light Bus,MITSUBISHI FUSO,BE741GRMSDAB,Diesel,,LIGHT BUS,6.1,,2023,11,2024
Private Light Bus,MITSUBISHI FUSO,BE741GRMSDAB,Diesel,,LIGHT BUS,6.1,,2023,11,2024
Private Light Bus,MITSUBISHI FUSO,BE741GRMSDAB,Diesel,,LIGHT BUS,6.1,,2023,11,2024
Private Light Bus,MITSUBISHI FUSO,BE741GRMSDAB,Diesel,,LIGHT BUS,6.1,,2023,11,2024
Private Light Bus,TOYOTA,COASTER MANUAL DIESEL LWB,Diesel,,LIGHT BUS,5.29,,2024,11,2024
Private Light Bus,MITSUBISHI FUSO,BE741GRMSDAB,Diesel,,LIGHT BUS,6.1,,2023,11,2024
Private Light Bus,MITSUBISHI FUSO,BE741GRMSDAB,Diesel,,LIGHT BUS,6.1,,2023,11,2024
Private Light Bus,MITSUBISHI FUSO,BE741GRMSDAB,Diesel,,LIGHT BUS,6.1,,2023,11,2024
Private Light Bus,MITSUBISHI FUSO,BE741GRMSDAB,Diesel,,LIGHT BUS,6.1,,2023,11,2024
Private Light Bus,MITSUBISHI FUSO,BE741GRMSDAB,Diesel,,LIGHT BUS,6.1,,2023,11,2024
Private Light Bus,MITSUBISHI FUSO,BE741GRMSDAB,Diesel,,LIGHT BUS,6.1,,2023,11,2024
Private Light Bus,MITSUBISHI FUSO,BE741GRMSDAB,Diesel,,LIGHT BUS,6.1,,2023,11,2024
Private Light Bus,MITSUBISHI FUSO,BE741GRMSDAB,Diesel,,LIGHT BUS,6.1,,2023,11,2024
Private Light Bus,MITSUBISHI FUSO,BE741GRMSDAB,Diesel,,LIGHT BUS,6.1,,2023,11,2024
Private Light Bus,MITSUBISHI FUSO,BE741GRMSDAB,Diesel,,LIGHT BUS,6.1,,2023,11,2024
Private Light Bus,MITSUBISHI FUSO,BE741GRMSDAB,Diesel,,LIGHT BUS,6.1,,2023,11,2024
Private Light Bus,MITSUBISHI FUSO,BE741GRMSDAB,Diesel,,LIGHT BUS,6.1,,2023,11,2024
Private Light Bus,MITSUBISHI FUSO,BE741GRMSDAB,Diesel,,LIGHT BUS,6.1,,2023,11,2024
Private Light Bus,TOYOTA,COASTER AUTO DIESEL LWB,Diesel,,LIGHT BUS,5.24,,2024,11,2024
Private Light Bus,TOYOTA,COASTER AUTO DIESEL LWB,Diesel,,LIGHT BUS,5.24,,2024,11,2024
Public Light Bus,TOYOTA,COASTER AUTO DIESEL LWB,Diesel,,LIGHT BUS,5.24,,2024,12,2024
Public Light Bus,TOYOTA,COASTER AUTO DIESEL LWB,Diesel,,LIGHT BUS,5.24,,2024,12,2024
Public Light Bus,TOYOTA,COASTER AUTO DIESEL LWB,Diesel,,LIGHT BUS,5.24,,2024,12,2024
Public Light Bus,TOYOTA,COASTER AUTO DIESEL LWB,Diesel,,LIGHT BUS,5.24,,2024,12,2024
Public Light Bus,TOYOTA,COASTER AUTO DIESEL LWB,Diesel,,LIGHT BUS,5.24,,2024,12,2024
Public Light Bus,TOYOTA,COASTER AUTO DIESEL LWB,Diesel,,LIGHT BUS,5.24,,2024,12,2024
Public Light Bus,TOYOTA,COASTER AUTO DIESEL LWB,Diesel,,LIGHT BUS,5.24,,2024,12,2024
Public Light Bus,TOYOTA,COASTER AUTO DIESEL LWB,Diesel,,LIGHT BUS,5.24,,2024,12,2024
Public Light Bus,TOYOTA,COASTER AUTO DIESEL LWB,Diesel,,LIGHT BUS,5.24,,2024,12,2024
Public Light Bus,TOYOTA,COASTER AUTO DIESEL LWB,Diesel,,LIGHT BUS,5.24,,2024,12,2024
Public Light Bus,TOYOTA,COASTER AUTO DIESEL LWB,Diesel,,LIGHT BUS,5.24,,2024,12,2024
Private Light Bus,ISUZU,NPR75MLEB-VI-C,Diesel,,LIGHT BUS,8,,2023,12,2024
Private Light Bus,ISUZU,NPR75MLEB-VI-C,Diesel,,LIGHT BUS,8,,2023,12,2024
Private Light Bus,TOYOTA,COASTER AUTO DIESEL LWB,Diesel,,LIGHT BUS,5.24,,2024,12,2024
Private Light Bus,TOYOTA,COASTER AUTO DIESEL LWB,Diesel,,LIGHT BUS,5.24,,2024,12,2024
Private Light Bus,ISUZU,NPR75MLEB-VI-C,Diesel,,LIGHT BUS,8,,2023,12,2024
Private Light Bus,ISUZU,NPR75MLEB-VI-C,Diesel,,LIGHT BUS,8,,2023,12,2024
Private Light Bus,MITSUBISHI FUSO,BE741GRMSDAB,Diesel,,LIGHT BUS,6.1,,2024,12,2024
Private Light Bus,MITSUBISHI FUSO,GTZ6720E6CF,Diesel,,LIGHT BUS,8.5,,2022,12,2024
Public Light Bus,TOYOTA,COASTER AUTO DIESEL LWB,Diesel,,LIGHT BUS,5.24,,2024,1,2025
Public Light Bus,GOLDEN DRAGON,XML6701J,Diesel,,LIGHT BUS,6.9,,2019,1,2025
Public Light Bus,TOYOTA,COASTER AUTO DIESEL LWB,Diesel,,LIGHT BUS,5.24,,2024,1,2025
Public Light Bus,TOYOTA,COASTER AUTO DIESEL LWB,Diesel,,LIGHT BUS,5.24,,2024,1,2025
Private Light Bus,MITSUBISHI FUSO,GTZ6720E6CF,Diesel,,LIGHT BUS,8.5,,2022,1,2025
Private Light Bus,MITSUBISHI FUSO,BE741GRMSDAB,Diesel,,LIGHT BUS,6.1,,2024,1,2025
Private Light Bus,MITSUBISHI FUSO,GTZ6720E6CF,Diesel,,LIGHT BUS,8.5,,2022,1,2025
Public Light Bus,TOYOTA,COASTER AUTO DIESEL LWB,Diesel,,LIGHT BUS,5.24,,2024,2,2025
Public Light Bus,TOYOTA,COASTER MANUAL DIESEL LWB,Diesel,,LIGHT BUS,5.4,,2024,2,2025
Public Light Bus,GOLDEN DRAGON,XML6701J,Diesel,,LIGHT BUS,6.9,,2019,2,2025
Public Light Bus,GOLDEN DRAGON,VERTEC ELB,Electric,,Light Bus (EX),8.5,,2023,2,2025
Private Light Bus,TOYOTA,COASTER AUTO DIESEL LWB,Diesel,,LIGHT BUS,5.24,,2024,2,2025
Private Light Bus,TOYOTA,COASTER AUTO DIESEL LWB,Diesel,,LIGHT BUS,5.24,,2024,2,2025
Private Light Bus,MITSUBISHI FUSO,BE741GRMSDAA,Diesel,,LIGHT BUS,6.1,,2022,2,2025
Private Light Bus,MITSUBISHI FUSO,BE741ERMSDAB,Diesel,,LIGHT BUS,5.2,,2024,2,2025
Private Light Bus,TOYOTA,COASTER AUTO DIESEL LWB,Diesel,,LIGHT BUS,5.24,,2024,2,2025
Private Light Bus,MITSUBISHI FUSO,BE741GRMSDAB,Diesel,,LIGHT BUS,5.71,,2024,2,2025
Private Light Bus,TOYOTA,COASTER AUTO DIESEL LWB,Diesel,,LIGHT BUS,5.24,,2024,2,2025
Private Light Bus,MITSUBISHI FUSO,BE741GRMSDAB,Diesel,,LIGHT BUS,6.1,,2023,2,2025
Public Light Bus,TOYOTA,COASTER AUTO DIESEL LWB,Diesel,,LIGHT BUS,5.24,,2024,3,2025
Public Light Bus,TOYOTA,COASTER AUTO DIESEL LWB,Diesel,,LIGHT BUS,5.24,,2024,3,2025
Public Light Bus,TOYOTA,COASTER AUTO DIESEL LWB,Diesel,,LIGHT BUS,5.24,,2024,3,2025
Private Light Bus,TOYOTA,COASTER AUTO DIESEL SLWB,Diesel,,LIGHT BUS,5.58,,2024,3,2025
Private Light Bus,TOYOTA,COASTER AUTO DIESEL LWB,Diesel,,LIGHT BUS,5.24,,2024,3,2025
Private Light Bus,TOYOTA,COASTER MANUAL DIESEL LWB,Diesel,,LIGHT BUS,5.29,,2024,3,2025
Private Light Bus,TOYOTA,COASTER MANUAL DIESEL LWB,Diesel,,LIGHT BUS,5.29,,2024,3,2025
Private Light Bus,TOYOTA,COASTER MANUAL DIESEL LWB,Diesel,,LIGHT BUS,5.29,,2024,3,2025
Private Light Bus,TOYOTA,COASTER AUTO DIESEL LWB,Diesel,,LIGHT BUS,5.24,,2024,3,2025
Private Light Bus,ISUZU,NPR75MLEB-VI-C,Diesel,,LIGHT BUS,8,,2021,3,2025
Private Light Bus,TOYOTA,COASTER MANUAL DIESEL LWB,Diesel,,LIGHT BUS,5.29,,2024,3,2025
Private Light Bus,TOYOTA,COASTER MANUAL DIESEL LWB,Diesel,,LIGHT BUS,5.29,,2024,3,2025
Private Light Bus,TOYOTA,COASTER MANUAL DIESEL LWB,Diesel,,LIGHT BUS,5.29,,2024,3,2025
Private Light Bus,TOYOTA,COASTER AUTO DIESEL LWB,Diesel,,LIGHT BUS,5.24,,2024,3,2025
Private Light Bus,TOYOTA,COASTER AUTO DIESEL LWB,Diesel,,LIGHT BUS,5.24,,2024,3,2025
Private Light Bus,TOYOTA,COASTER AUTO DIESEL LWB,Diesel,,LIGHT BUS,5.24,,2025,3,2025
Private Light Bus,TOYOTA,COASTER AUTO DIESEL LWB,Diesel,,LIGHT BUS,5.24,,2024,3,2025
Private Light Bus,TOYOTA,COASTER AUTO DIESEL LWB,Diesel,,LIGHT BUS,5.24,,2025,3,2025
Private Light Bus,TOYOTA,COASTER MANUAL DIESEL LWB,Diesel,,LIGHT BUS,5.29,,2024,3,2025
